[
  {
    "model": "admin.logentry",
    "pk": 1,
    "fields": {
      "action_time": "2022-08-27T17:09:41.831Z",
      "user": 1,
      "content_type": 11,
      "object_id": "1",
      "object_repr": "",
      "action_flag": 1,
      "change_message": "[{\"added\": {}}, {\"added\": {\"name\": \"recipe item\", \"object\": \" - 125.0 x Vollkornnudeln in g / 1.0 g\"}}, {\"added\": {\"name\": \"recipe item\", \"object\": \" - 100.0 x Tomate in g / 1.0 g\"}}, {\"added\": {\"name\": \"recipe item\", \"object\": \" - 10.0 x Oliven\\u00f6l in ml / 1.0 ml\"}}, {\"added\": {\"name\": \"recipe item\", \"object\": \" - 1.0 x Gem\\u00fcsezwiebel / 40.0 g\"}}, {\"added\": {\"name\": \"recipe item\", \"object\": \" - 30.0 x Parmesan in g / 1.0 g\"}}, {\"added\": {\"name\": \"recipe item\", \"object\": \" - 2.0 x Basilikumblatt / 6.0 g\"}}]"
    }
  },
  {
    "model": "admin.logentry",
    "pk": 2,
    "fields": {
      "action_time": "2022-08-27T17:11:35.095Z",
      "user": 1,
      "content_type": 11,
      "object_id": "2",
      "object_repr": "Reis mit Süß Saurer Soße",
      "action_flag": 1,
      "change_message": "[{\"added\": {}}, {\"added\": {\"name\": \"recipe item\", \"object\": \"Reis mit S\\u00fc\\u00df Saurer So\\u00dfe - 80.0 x Reis, Wild in g / 1.0 g\"}}, {\"added\": {\"name\": \"recipe item\", \"object\": \"Reis mit S\\u00fc\\u00df Saurer So\\u00dfe - 100.0 x Ananas, Konserven, abgetropft in g / 1.0 g\"}}, {\"added\": {\"name\": \"recipe item\", \"object\": \"Reis mit S\\u00fc\\u00df Saurer So\\u00dfe - 0.25 x Pfirsich, Dose / 240.0 g\"}}, {\"added\": {\"name\": \"recipe item\", \"object\": \"Reis mit S\\u00fc\\u00df Saurer So\\u00dfe - 2.0 x Sojaso\\u00dfe in EL / 1.0 EL\"}}, {\"added\": {\"name\": \"recipe item\", \"object\": \"Reis mit S\\u00fc\\u00df Saurer So\\u00dfe - 3.0 x Tomatemark in EL / 1.0 EL\"}}, {\"added\": {\"name\": \"recipe item\", \"object\": \"Reis mit S\\u00fc\\u00df Saurer So\\u00dfe - 3.0 x Balsamic Essig in EL / 1.0 EL\"}}]"
    }
  },
  {
    "model": "admin.logentry",
    "pk": 3,
    "fields": {
      "action_time": "2022-08-27T17:11:55.270Z",
      "user": 1,
      "content_type": 11,
      "object_id": "1",
      "object_repr": "Nudeln mit Pesto und Tomaten",
      "action_flag": 2,
      "change_message": "[{\"changed\": {\"fields\": [\"Name\"]}}]"
    }
  },
  {
    "model": "admin.logentry",
    "pk": 4,
    "fields": {
      "action_time": "2022-08-27T17:14:04.231Z",
      "user": 1,
      "content_type": 11,
      "object_id": "3",
      "object_repr": "Chilli sin Carne",
      "action_flag": 1,
      "change_message": "[{\"added\": {}}, {\"added\": {\"name\": \"recipe item\", \"object\": \"Chilli sin Carne - 150.0 x Kartoffel in g / 1.0 g\"}}, {\"added\": {\"name\": \"recipe item\", \"object\": \"Chilli sin Carne - 100.0 x Bohne, Kidney in g / 1.0 g\"}}, {\"added\": {\"name\": \"recipe item\", \"object\": \"Chilli sin Carne - 40.0 x M\\u00f6hre in g / 1.0 g\"}}, {\"added\": {\"name\": \"recipe item\", \"object\": \"Chilli sin Carne - 50.0 x Mais in g / 1.0 g\"}}, {\"added\": {\"name\": \"recipe item\", \"object\": \"Chilli sin Carne - 30.0 x Speisest\\u00e4rke in g / 1.0 g\"}}, {\"added\": {\"name\": \"recipe item\", \"object\": \"Chilli sin Carne - 50.0 x Tomatemark in g / 1.0 g\"}}, {\"added\": {\"name\": \"recipe item\", \"object\": \"Chilli sin Carne - 1.0 x Gem\\u00fcsezwiebel / 40.0 g\"}}]"
    }
  },
  {
    "model": "admin.logentry",
    "pk": 5,
    "fields": {
      "action_time": "2022-08-27T17:14:08.366Z",
      "user": 1,
      "content_type": 11,
      "object_id": "3",
      "object_repr": "Chilli sin Carne",
      "action_flag": 2,
      "change_message": "[]"
    }
  },
  {
    "model": "admin.logentry",
    "pk": 6,
    "fields": {
      "action_time": "2022-08-27T17:14:10.850Z",
      "user": 1,
      "content_type": 11,
      "object_id": "2",
      "object_repr": "Reis mit Süß Saurer Soße",
      "action_flag": 2,
      "change_message": "[]"
    }
  },
  {
    "model": "admin.logentry",
    "pk": 7,
    "fields": {
      "action_time": "2022-08-27T17:14:13.937Z",
      "user": 1,
      "content_type": 11,
      "object_id": "1",
      "object_repr": "Nudeln mit Pesto und Tomaten",
      "action_flag": 2,
      "change_message": "[]"
    }
  },
  {
    "model": "admin.logentry",
    "pk": 8,
    "fields": {
      "action_time": "2022-08-27T17:14:24.155Z",
      "user": 1,
      "content_type": 11,
      "object_id": "1",
      "object_repr": "Nudeln mit Pesto und Tomaten",
      "action_flag": 2,
      "change_message": "[{\"changed\": {\"name\": \"recipe item\", \"object\": \"Nudeln mit Pesto und Tomaten - 150.0 x Tomate in g / 1.0 g\", \"fields\": [\"Quantity\"]}}]"
    }
  },
  {
    "model": "admin.logentry",
    "pk": 9,
    "fields": {
      "action_time": "2022-08-27T17:14:27.436Z",
      "user": 1,
      "content_type": 11,
      "object_id": "2",
      "object_repr": "Reis mit Süß Saurer Soße",
      "action_flag": 2,
      "change_message": "[]"
    }
  },
  {
    "model": "admin.logentry",
    "pk": 10,
    "fields": {
      "action_time": "2022-08-27T17:15:00.943Z",
      "user": 1,
      "content_type": 11,
      "object_id": "1",
      "object_repr": "Nudeln mit Pesto und Tomaten",
      "action_flag": 2,
      "change_message": "[{\"added\": {\"name\": \"recipe item\", \"object\": \"Nudeln mit Pesto und Tomaten - 50.0 x Emmentaler in g / 1.0 g\"}}]"
    }
  },
  {
    "model": "admin.logentry",
    "pk": 11,
    "fields": {
      "action_time": "2022-08-27T17:15:43.183Z",
      "user": 1,
      "content_type": 11,
      "object_id": "2",
      "object_repr": "Reis mit Süß Saurer Soße",
      "action_flag": 2,
      "change_message": "[{\"changed\": {\"name\": \"recipe item\", \"object\": \"Reis mit S\\u00fc\\u00df Saurer So\\u00dfe - 100.0 x Reis, Wild in g / 1.0 g\", \"fields\": [\"Quantity\"]}}]"
    }
  },
  {
    "model": "admin.logentry",
    "pk": 12,
    "fields": {
      "action_time": "2022-08-27T17:16:02.844Z",
      "user": 1,
      "content_type": 11,
      "object_id": "1",
      "object_repr": "Nudeln mit Pesto und Tomaten",
      "action_flag": 2,
      "change_message": "[{\"changed\": {\"name\": \"recipe item\", \"object\": \"Nudeln mit Pesto und Tomaten - 20.0 x Emmentaler in g / 1.0 g\", \"fields\": [\"Quantity\"]}}]"
    }
  },
  {
    "model": "admin.logentry",
    "pk": 13,
    "fields": {
      "action_time": "2022-08-27T17:16:07.581Z",
      "user": 1,
      "content_type": 11,
      "object_id": "1",
      "object_repr": "Nudeln mit Pesto und Tomaten",
      "action_flag": 2,
      "change_message": "[]"
    }
  },
  {
    "model": "admin.logentry",
    "pk": 14,
    "fields": {
      "action_time": "2022-08-27T17:16:19.081Z",
      "user": 1,
      "content_type": 11,
      "object_id": "1",
      "object_repr": "Nudeln mit Pesto und Tomaten",
      "action_flag": 2,
      "change_message": "[{\"changed\": {\"name\": \"recipe item\", \"object\": \"Nudeln mit Pesto und Tomaten - 20.0 x Parmesan in g / 1.0 g\", \"fields\": [\"Quantity\"]}}]"
    }
  },
  {
    "model": "admin.logentry",
    "pk": 15,
    "fields": {
      "action_time": "2022-08-27T17:16:23.278Z",
      "user": 1,
      "content_type": 11,
      "object_id": "1",
      "object_repr": "Nudeln mit Pesto und Tomaten",
      "action_flag": 2,
      "change_message": "[]"
    }
  },
  {
    "model": "admin.logentry",
    "pk": 16,
    "fields": {
      "action_time": "2022-08-27T17:16:27.911Z",
      "user": 1,
      "content_type": 11,
      "object_id": "2",
      "object_repr": "Reis mit Süß Saurer Soße",
      "action_flag": 2,
      "change_message": "[]"
    }
  },
  {
    "model": "admin.logentry",
    "pk": 17,
    "fields": {
      "action_time": "2022-08-27T17:16:31.280Z",
      "user": 1,
      "content_type": 11,
      "object_id": "3",
      "object_repr": "Chilli sin Carne",
      "action_flag": 2,
      "change_message": "[]"
    }
  },
  {
    "model": "admin.logentry",
    "pk": 18,
    "fields": {
      "action_time": "2022-08-27T17:16:34.748Z",
      "user": 1,
      "content_type": 11,
      "object_id": "2",
      "object_repr": "Reis mit Süß Saurer Soße",
      "action_flag": 2,
      "change_message": "[]"
    }
  },
  {
    "model": "admin.logentry",
    "pk": 19,
    "fields": {
      "action_time": "2022-08-27T17:18:21.453Z",
      "user": 1,
      "content_type": 11,
      "object_id": "4",
      "object_repr": "Käsesätzle",
      "action_flag": 1,
      "change_message": "[{\"added\": {}}, {\"added\": {\"name\": \"recipe item\", \"object\": \"K\\u00e4ses\\u00e4tzle - 30.0 x Emmentaler in g / 1.0 g\"}}, {\"added\": {\"name\": \"recipe item\", \"object\": \"K\\u00e4ses\\u00e4tzle - 30.0 x Cheddar K\\u00e4se in g / 1.0 g\"}}, {\"added\": {\"name\": \"recipe item\", \"object\": \"K\\u00e4ses\\u00e4tzle - 150.0 x Sp\\u00e4tzle in g / 1.0 g\"}}, {\"added\": {\"name\": \"recipe item\", \"object\": \"K\\u00e4ses\\u00e4tzle - 30.0 x Morzarella in g / 1.0 g\"}}, {\"added\": {\"name\": \"recipe item\", \"object\": \"K\\u00e4ses\\u00e4tzle - 1.0 x Gem\\u00fcsezwiebel / 40.0 g\"}}]"
    }
  },
  {
    "model": "admin.logentry",
    "pk": 20,
    "fields": {
      "action_time": "2022-08-27T17:18:27.677Z",
      "user": 1,
      "content_type": 11,
      "object_id": "4",
      "object_repr": "Käsesätzle",
      "action_flag": 2,
      "change_message": "[]"
    }
  },
  {
    "model": "admin.logentry",
    "pk": 21,
    "fields": {
      "action_time": "2022-08-27T17:18:30.614Z",
      "user": 1,
      "content_type": 11,
      "object_id": "4",
      "object_repr": "Käsesätzle",
      "action_flag": 2,
      "change_message": "[]"
    }
  },
  {
    "model": "admin.logentry",
    "pk": 22,
    "fields": {
      "action_time": "2022-08-27T17:19:13.895Z",
      "user": 1,
      "content_type": 11,
      "object_id": "4",
      "object_repr": "Käsesätzle",
      "action_flag": 2,
      "change_message": "[{\"changed\": {\"name\": \"recipe item\", \"object\": \"K\\u00e4ses\\u00e4tzle - 20.0 x Emmentaler in g / 1.0 g\", \"fields\": [\"Quantity\"]}}, {\"changed\": {\"name\": \"recipe item\", \"object\": \"K\\u00e4ses\\u00e4tzle - 20.0 x Cheddar K\\u00e4se in g / 1.0 g\", \"fields\": [\"Quantity\"]}}, {\"changed\": {\"name\": \"recipe item\", \"object\": \"K\\u00e4ses\\u00e4tzle - 20.0 x Morzarella in g / 1.0 g\", \"fields\": [\"Quantity\"]}}]"
    }
  },
  {
    "model": "admin.logentry",
    "pk": 23,
    "fields": {
      "action_time": "2022-08-27T17:19:18.561Z",
      "user": 1,
      "content_type": 11,
      "object_id": "4",
      "object_repr": "Käsesätzle",
      "action_flag": 2,
      "change_message": "[]"
    }
  },
  {
    "model": "admin.logentry",
    "pk": 24,
    "fields": {
      "action_time": "2022-08-27T23:23:21.965Z",
      "user": 1,
      "content_type": 11,
      "object_id": "3",
      "object_repr": "Chilli sin Carne",
      "action_flag": 2,
      "change_message": "[{\"changed\": {\"name\": \"recipe item\", \"object\": \"Chilli sin Carne - 5.0 x Speisest\\u00e4rke in g / 1.0 g\", \"fields\": [\"Quantity\"]}}, {\"changed\": {\"name\": \"recipe item\", \"object\": \"Chilli sin Carne - 15.0 x Tomatemark in g / 1.0 g\", \"fields\": [\"Quantity\"]}}]"
    }
  },
  {
    "model": "admin.logentry",
    "pk": 25,
    "fields": {
      "action_time": "2022-08-27T23:25:07.833Z",
      "user": 1,
      "content_type": 11,
      "object_id": "2",
      "object_repr": "Reis mit Süß Saurer Soße",
      "action_flag": 2,
      "change_message": "[{\"added\": {\"name\": \"recipe item\", \"object\": \"Reis mit S\\u00fc\\u00df Saurer So\\u00dfe - 70.0 x Thunfisch in g / 1.0 g\"}}]"
    }
  },
  {
    "model": "admin.logentry",
    "pk": 26,
    "fields": {
      "action_time": "2022-08-27T23:25:12.745Z",
      "user": 1,
      "content_type": 11,
      "object_id": "2",
      "object_repr": "Reis mit Süß Saurer Soße",
      "action_flag": 2,
      "change_message": "[]"
    }
  },
  {
    "model": "admin.logentry",
    "pk": 27,
    "fields": {
      "action_time": "2022-08-27T23:25:19.755Z",
      "user": 1,
      "content_type": 11,
      "object_id": "2",
      "object_repr": "Reis mit Süß Saurer Soße",
      "action_flag": 2,
      "change_message": "[]"
    }
  },
  {
    "model": "admin.logentry",
    "pk": 28,
    "fields": {
      "action_time": "2022-08-27T23:26:32.889Z",
      "user": 1,
      "content_type": 11,
      "object_id": "2",
      "object_repr": "Reis mit Süß Saurer Soße",
      "action_flag": 2,
      "change_message": "[]"
    }
  },
  {
    "model": "admin.logentry",
    "pk": 29,
    "fields": {
      "action_time": "2022-08-27T23:26:43.379Z",
      "user": 1,
      "content_type": 11,
      "object_id": "2",
      "object_repr": "Reis mit Süß Saurer Soße",
      "action_flag": 2,
      "change_message": "[{\"changed\": {\"name\": \"recipe item\", \"object\": \"Reis mit S\\u00fc\\u00df Saurer So\\u00dfe - 100.0 x Reis in g / 1.0 g\", \"fields\": [\"Portion\"]}}]"
    }
  },
  {
    "model": "admin.logentry",
    "pk": 30,
    "fields": {
      "action_time": "2022-08-27T23:26:47.702Z",
      "user": 1,
      "content_type": 11,
      "object_id": "2",
      "object_repr": "Reis mit Süß Saurer Soße",
      "action_flag": 2,
      "change_message": "[]"
    }
  },
  {
    "model": "admin.logentry",
    "pk": 31,
    "fields": {
      "action_time": "2022-08-27T23:27:06.517Z",
      "user": 1,
      "content_type": 11,
      "object_id": "2",
      "object_repr": "Reis mit Süß Saurer Soße",
      "action_flag": 2,
      "change_message": "[{\"changed\": {\"name\": \"recipe item\", \"object\": \"Reis mit S\\u00fc\\u00df Saurer So\\u00dfe - 100.0 x Reis, Wild in g / 1.0 g\", \"fields\": [\"Portion\"]}}]"
    }
  },
  {
    "model": "admin.logentry",
    "pk": 32,
    "fields": {
      "action_time": "2022-08-27T23:27:10.986Z",
      "user": 1,
      "content_type": 11,
      "object_id": "2",
      "object_repr": "Reis mit Süß Saurer Soße",
      "action_flag": 2,
      "change_message": "[]"
    }
  },
  {
    "model": "admin.logentry",
    "pk": 33,
    "fields": {
      "action_time": "2022-08-27T23:27:14.088Z",
      "user": 1,
      "content_type": 11,
      "object_id": "2",
      "object_repr": "Reis mit Süß Saurer Soße",
      "action_flag": 2,
      "change_message": "[]"
    }
  },
  {
    "model": "admin.logentry",
    "pk": 34,
    "fields": {
      "action_time": "2022-08-27T23:27:25.294Z",
      "user": 1,
      "content_type": 11,
      "object_id": "2",
      "object_repr": "Reis mit Süß Saurer Soße",
      "action_flag": 2,
      "change_message": "[{\"changed\": {\"name\": \"recipe item\", \"object\": \"Reis mit S\\u00fc\\u00df Saurer So\\u00dfe - 100.0 x Reis in g / 1.0 g\", \"fields\": [\"Portion\"]}}]"
    }
  },
  {
    "model": "admin.logentry",
    "pk": 35,
    "fields": {
      "action_time": "2022-08-27T23:27:35.061Z",
      "user": 1,
      "content_type": 11,
      "object_id": "2",
      "object_repr": "Reis mit Süß Saurer Soße",
      "action_flag": 2,
      "change_message": "[]"
    }
  },
  {
    "model": "admin.logentry",
    "pk": 36,
    "fields": {
      "action_time": "2022-08-28T00:02:51.920Z",
      "user": 1,
      "content_type": 11,
      "object_id": "5",
      "object_repr": "Trolls Reis",
      "action_flag": 1,
      "change_message": "[{\"added\": {}}, {\"added\": {\"name\": \"recipe item\", \"object\": \"Trolls Reis - 40.0 x Schokolade 80% in g / 1.0 g\"}}, {\"added\": {\"name\": \"recipe item\", \"object\": \"Trolls Reis - 125.0 x Sp\\u00e4tzle in g / 1.0 g\"}}, {\"added\": {\"name\": \"recipe item\", \"object\": \"Trolls Reis - 50.0 x Reis in g / 1.0 g\"}}]"
    }
  },
  {
    "model": "admin.logentry",
    "pk": 37,
    "fields": {
      "action_time": "2022-08-28T00:02:55.737Z",
      "user": 1,
      "content_type": 11,
      "object_id": "5",
      "object_repr": "Trolls Reis",
      "action_flag": 2,
      "change_message": "[]"
    }
  },
  {
    "model": "admin.logentry",
    "pk": 38,
    "fields": {
      "action_time": "2022-08-28T00:03:19.983Z",
      "user": 1,
      "content_type": 11,
      "object_id": "5",
      "object_repr": "Trolls Reis",
      "action_flag": 2,
      "change_message": "[]"
    }
  },
  {
    "model": "admin.logentry",
    "pk": 39,
    "fields": {
      "action_time": "2022-08-28T00:03:52.192Z",
      "user": 1,
      "content_type": 11,
      "object_id": "5",
      "object_repr": "Trolls Reis",
      "action_flag": 2,
      "change_message": "[{\"changed\": {\"name\": \"recipe item\", \"object\": \"Trolls Reis - 50.0 x Schokolade in g / 1.0 g\", \"fields\": [\"Portion\", \"Quantity\"]}}]"
    }
  },
  {
    "model": "admin.logentry",
    "pk": 40,
    "fields": {
      "action_time": "2022-08-28T00:03:55.793Z",
      "user": 1,
      "content_type": 11,
      "object_id": "5",
      "object_repr": "Trolls Reis",
      "action_flag": 2,
      "change_message": "[]"
    }
  },
  {
    "model": "admin.logentry",
    "pk": 41,
    "fields": {
      "action_time": "2022-08-28T00:03:58.191Z",
      "user": 1,
      "content_type": 11,
      "object_id": "5",
      "object_repr": "Trolls Reis",
      "action_flag": 2,
      "change_message": "[]"
    }
  },
  {
    "model": "admin.logentry",
    "pk": 42,
    "fields": {
      "action_time": "2022-08-28T13:29:10.399Z",
      "user": 1,
      "content_type": 11,
      "object_id": "5",
      "object_repr": "Trolls Reis",
      "action_flag": 3,
      "change_message": ""
    }
  },
  {
    "model": "admin.logentry",
    "pk": 43,
    "fields": {
      "action_time": "2022-08-28T13:32:09.756Z",
      "user": 1,
      "content_type": 11,
      "object_id": "4",
      "object_repr": "Einfache Käsespätzle",
      "action_flag": 2,
      "change_message": "[{\"changed\": {\"fields\": [\"Name\"]}}]"
    }
  },
  {
    "model": "admin.logentry",
    "pk": 44,
    "fields": {
      "action_time": "2022-08-28T13:33:12.975Z",
      "user": 1,
      "content_type": 11,
      "object_id": "2",
      "object_repr": "Reis mit Süß Saurer Soße",
      "action_flag": 2,
      "change_message": "[{\"changed\": {\"name\": \"recipe item\", \"object\": \"Reis mit S\\u00fc\\u00df Saurer So\\u00dfe - 85.0 x H\\u00e4hnchenfleisch in g / 1.0 g\", \"fields\": [\"Portion\", \"Quantity\"]}}]"
    }
  },
  {
    "model": "admin.logentry",
    "pk": 45,
    "fields": {
      "action_time": "2022-08-28T13:33:19.444Z",
      "user": 1,
      "content_type": 11,
      "object_id": "2",
      "object_repr": "Reis mit Süß Saurer Soße",
      "action_flag": 2,
      "change_message": "[]"
    }
  },
  {
    "model": "admin.logentry",
    "pk": 46,
    "fields": {
      "action_time": "2022-08-28T13:33:22.833Z",
      "user": 1,
      "content_type": 11,
      "object_id": "2",
      "object_repr": "Reis mit Süß Saurer Soße",
      "action_flag": 2,
      "change_message": "[]"
    }
  },
  {
    "model": "admin.logentry",
    "pk": 47,
    "fields": {
      "action_time": "2022-08-28T13:34:37.758Z",
      "user": 1,
      "content_type": 11,
      "object_id": "3",
      "object_repr": "Chilli sin Carne",
      "action_flag": 2,
      "change_message": "[{\"changed\": {\"name\": \"recipe item\", \"object\": \"Chilli sin Carne - 70.0 x Reis in g / 1.0 g\", \"fields\": [\"Portion\", \"Quantity\"]}}]"
    }
  },
  {
    "model": "admin.logentry",
    "pk": 48,
    "fields": {
      "action_time": "2022-08-28T13:39:59.980Z",
      "user": 1,
      "content_type": 11,
      "object_id": "3",
      "object_repr": "Chilli sin Carne",
      "action_flag": 2,
      "change_message": "[{\"deleted\": {\"name\": \"recipe item\", \"object\": \"Chilli sin Carne - 70.0 x Reis in g / 1.0 g\"}}]"
    }
  },
  {
    "model": "admin.logentry",
    "pk": 49,
    "fields": {
      "action_time": "2022-08-28T13:44:29.350Z",
      "user": 1,
      "content_type": 11,
      "object_id": "3",
      "object_repr": "Chilli sin Carne",
      "action_flag": 2,
      "change_message": "[{\"added\": {\"name\": \"recipe item\", \"object\": \"Chilli sin Carne - 30.0 x Sojaflocken in g / 1.0 g\"}}, {\"added\": {\"name\": \"recipe item\", \"object\": \"Chilli sin Carne - 120.0 x Tomate in g / 1.0 g\"}}, {\"added\": {\"name\": \"recipe item\", \"object\": \"Chilli sin Carne - 40.0 x Paprika in g / 1.0 g\"}}, {\"added\": {\"name\": \"recipe item\", \"object\": \"Chilli sin Carne - 0.5 x Speisest\\u00e4rke in EL / 1.0 EL\"}}, {\"added\": {\"name\": \"recipe item\", \"object\": \"Chilli sin Carne - 10.0 x Tomatemark in g / 1.0 g\"}}, {\"changed\": {\"name\": \"recipe item\", \"object\": \"Chilli sin Carne - 40.0 x Mais in g / 1.0 g\", \"fields\": [\"Quantity\"]}}, {\"deleted\": {\"name\": \"recipe item\", \"object\": \"Chilli sin Carne - 40.0 x M\\u00f6hre in g / 1.0 g\"}}]"
    }
  },
  {
    "model": "admin.logentry",
    "pk": 50,
    "fields": {
      "action_time": "2022-08-28T13:44:34.280Z",
      "user": 1,
      "content_type": 11,
      "object_id": "3",
      "object_repr": "Chilli sin Carne",
      "action_flag": 2,
      "change_message": "[]"
    }
  },
  {
    "model": "admin.logentry",
    "pk": 51,
    "fields": {
      "action_time": "2022-08-28T13:44:38.574Z",
      "user": 1,
      "content_type": 11,
      "object_id": "3",
      "object_repr": "Chilli sin Carne",
      "action_flag": 2,
      "change_message": "[]"
    }
  },
  {
    "model": "admin.logentry",
    "pk": 52,
    "fields": {
      "action_time": "2022-08-28T13:58:02.522Z",
      "user": 1,
      "content_type": 11,
      "object_id": "3",
      "object_repr": "Chilli sin Carne",
      "action_flag": 2,
      "change_message": "[{\"deleted\": {\"name\": \"recipe item\", \"object\": \"Chilli sin Carne - 5.0 x Speisest\\u00e4rke in g / 1.0 g\"}}]"
    }
  },
  {
    "model": "admin.logentry",
    "pk": 53,
    "fields": {
      "action_time": "2022-08-28T14:10:29.204Z",
      "user": 1,
      "content_type": 11,
      "object_id": "4",
      "object_repr": "Einfache Käsespätzle",
      "action_flag": 2,
      "change_message": "[{\"changed\": {\"name\": \"recipe item\", \"object\": \"Einfache K\\u00e4sesp\\u00e4tzle - 50.0 x Emmentaler in g / 1.0 g\", \"fields\": [\"Quantity\"]}}, {\"changed\": {\"name\": \"recipe item\", \"object\": \"Einfache K\\u00e4sesp\\u00e4tzle - 125.0 x Sp\\u00e4tzle in g / 1.0 g\", \"fields\": [\"Quantity\"]}}, {\"changed\": {\"name\": \"recipe item\", \"object\": \"Einfache K\\u00e4sesp\\u00e4tzle - 1.5 x Gem\\u00fcsezwiebel / 40.0 g\", \"fields\": [\"Quantity\"]}}, {\"deleted\": {\"name\": \"recipe item\", \"object\": \"Einfache K\\u00e4sesp\\u00e4tzle - 20.0 x Cheddar K\\u00e4se in g / 1.0 g\"}}, {\"deleted\": {\"name\": \"recipe item\", \"object\": \"Einfache K\\u00e4sesp\\u00e4tzle - 20.0 x Morzarella in g / 1.0 g\"}}]"
    }
  },
  {
    "model": "admin.logentry",
    "pk": 54,
    "fields": {
      "action_time": "2022-08-28T14:29:23.810Z",
      "user": 1,
      "content_type": 11,
      "object_id": "3",
      "object_repr": "Chilli sin Carne",
      "action_flag": 2,
      "change_message": "[{\"added\": {\"name\": \"recipe item\", \"object\": \"Chilli sin Carne - 0.5 x Knoblauchzehe / 4.0 g\"}}, {\"added\": {\"name\": \"recipe item\", \"object\": \"Chilli sin Carne - 100.0 x Gem\\u00fcsebr\\u00fche in ml / 1.0 ml\"}}, {\"added\": {\"name\": \"recipe item\", \"object\": \"Chilli sin Carne - 5.0 x \\u00d6l, Raps in g / 1.0 g\"}}, {\"added\": {\"name\": \"recipe item\", \"object\": \"Chilli sin Carne - 60.0 x Reis in g / 1.0 g\"}}, {\"changed\": {\"name\": \"recipe item\", \"object\": \"Chilli sin Carne - 115.0 x Bohne, Kidney in g / 1.0 g\", \"fields\": [\"Quantity\"]}}, {\"changed\": {\"name\": \"recipe item\", \"object\": \"Chilli sin Carne - 60.0 x Mais in g / 1.0 g\", \"fields\": [\"Quantity\"]}}, {\"changed\": {\"name\": \"recipe item\", \"object\": \"Chilli sin Carne - 0.7 x Gem\\u00fcsezwiebel / 40.0 g\", \"fields\": [\"Quantity\"]}}, {\"changed\": {\"name\": \"recipe item\", \"object\": \"Chilli sin Carne - 150.0 x Tomate in g / 1.0 g\", \"fields\": [\"Quantity\"]}}]"
    }
  },
  {
    "model": "admin.logentry",
    "pk": 55,
    "fields": {
      "action_time": "2022-08-28T14:29:28.970Z",
      "user": 1,
      "content_type": 11,
      "object_id": "3",
      "object_repr": "Chilli sin Carne",
      "action_flag": 2,
      "change_message": "[]"
    }
  },
  {
    "model": "admin.logentry",
    "pk": 56,
    "fields": {
      "action_time": "2022-08-28T14:29:31.727Z",
      "user": 1,
      "content_type": 11,
      "object_id": "3",
      "object_repr": "Chilli sin Carne",
      "action_flag": 2,
      "change_message": "[]"
    }
  },
  {
    "model": "admin.logentry",
    "pk": 57,
    "fields": {
      "action_time": "2022-08-28T14:31:52.622Z",
      "user": 1,
      "content_type": 11,
      "object_id": "3",
      "object_repr": "Chilli sin Carne",
      "action_flag": 2,
      "change_message": "[{\"changed\": {\"name\": \"recipe item\", \"object\": \"Chilli sin Carne - 100.0 x Bohne, Kidney in g / 1.0 g\", \"fields\": [\"Quantity\"]}}, {\"changed\": {\"name\": \"recipe item\", \"object\": \"Chilli sin Carne - 50.0 x Mais in g / 1.0 g\", \"fields\": [\"Quantity\"]}}, {\"changed\": {\"name\": \"recipe item\", \"object\": \"Chilli sin Carne - 130.0 x Tomate in g / 1.0 g\", \"fields\": [\"Quantity\"]}}, {\"changed\": {\"name\": \"recipe item\", \"object\": \"Chilli sin Carne - 50.0 x Paprika in g / 1.0 g\", \"fields\": [\"Quantity\"]}}, {\"changed\": {\"name\": \"recipe item\", \"object\": \"Chilli sin Carne - 60.0 x Gem\\u00fcsebr\\u00fche in ml / 1.0 ml\", \"fields\": [\"Quantity\"]}}]"
    }
  },
  {
    "model": "admin.logentry",
    "pk": 58,
    "fields": {
      "action_time": "2022-08-28T14:31:55.998Z",
      "user": 1,
      "content_type": 11,
      "object_id": "3",
      "object_repr": "Chilli sin Carne",
      "action_flag": 2,
      "change_message": "[]"
    }
  },
  {
    "model": "admin.logentry",
    "pk": 59,
    "fields": {
      "action_time": "2022-08-28T14:31:59.235Z",
      "user": 1,
      "content_type": 11,
      "object_id": "3",
      "object_repr": "Chilli sin Carne",
      "action_flag": 2,
      "change_message": "[]"
    }
  },
  {
    "model": "admin.logentry",
    "pk": 60,
    "fields": {
      "action_time": "2022-08-28T14:34:59.189Z",
      "user": 1,
      "content_type": 11,
      "object_id": "1",
      "object_repr": "Nudeln mit Käse und Tomaten",
      "action_flag": 2,
      "change_message": "[{\"changed\": {\"fields\": [\"Name\"]}}]"
    }
  },
  {
    "model": "admin.logentry",
    "pk": 61,
    "fields": {
      "action_time": "2022-08-28T14:35:02.369Z",
      "user": 1,
      "content_type": 11,
      "object_id": "1",
      "object_repr": "Nudeln mit Käse und Tomaten",
      "action_flag": 2,
      "change_message": "[]"
    }
  },
  {
    "model": "admin.logentry",
    "pk": 62,
    "fields": {
      "action_time": "2022-08-28T14:45:25.234Z",
      "user": 1,
      "content_type": 7,
      "object_id": "127",
      "object_repr": "Zucchini - ",
      "action_flag": 1,
      "change_message": "[{\"added\": {}}]"
    }
  },
  {
    "model": "admin.logentry",
    "pk": 63,
    "fields": {
      "action_time": "2022-08-28T14:46:33.505Z",
      "user": 1,
      "content_type": 7,
      "object_id": "127",
      "object_repr": "Zucchini - ",
      "action_flag": 2,
      "change_message": "[{\"added\": {\"name\": \"portion\", \"object\": \"Zucchini, klein / 125.0 g\"}}, {\"added\": {\"name\": \"portion\", \"object\": \"Zucchini, gro\\u00df / 250.0 g\"}}, {\"added\": {\"name\": \"portion\", \"object\": \"Zucchini, mittel / 200.0 g\"}}]"
    }
  },
  {
    "model": "admin.logentry",
    "pk": 64,
    "fields": {
      "action_time": "2022-08-28T14:47:05.031Z",
      "user": 1,
      "content_type": 7,
      "object_id": "127",
      "object_repr": "Zucchini - ",
      "action_flag": 2,
      "change_message": "[]"
    }
  },
  {
    "model": "admin.logentry",
    "pk": 65,
    "fields": {
      "action_time": "2022-08-28T14:47:34.523Z",
      "user": 1,
      "content_type": 7,
      "object_id": "127",
      "object_repr": "Zucchini - ",
      "action_flag": 2,
      "change_message": "[]"
    }
  },
  {
    "model": "admin.logentry",
    "pk": 66,
    "fields": {
      "action_time": "2022-08-28T14:48:26.942Z",
      "user": 1,
      "content_type": 7,
      "object_id": "127",
      "object_repr": "Zucchini - ",
      "action_flag": 2,
      "change_message": "[]"
    }
  },
  {
    "model": "admin.logentry",
    "pk": 67,
    "fields": {
      "action_time": "2022-08-28T14:48:51.030Z",
      "user": 1,
      "content_type": 11,
      "object_id": "6",
      "object_repr": "Zucchini-Zitronen-Nudeln",
      "action_flag": 1,
      "change_message": "[{\"added\": {}}, {\"added\": {\"name\": \"recipe item\", \"object\": \"Zucchini-Zitronen-Nudeln - 125.0 x Nudeln in g / 1.0 g\"}}, {\"added\": {\"name\": \"recipe item\", \"object\": \"Zucchini-Zitronen-Nudeln - 1.0 x Salz in EL / 1.0 EL\"}}, {\"added\": {\"name\": \"recipe item\", \"object\": \"Zucchini-Zitronen-Nudeln - 1.0 x Zitronensaft in EL / 1.0 EL\"}}, {\"added\": {\"name\": \"recipe item\", \"object\": \"Zucchini-Zitronen-Nudeln - 40.0 x Parmesan in g / 1.0 g\"}}]"
    }
  },
  {
    "model": "admin.logentry",
    "pk": 68,
    "fields": {
      "action_time": "2022-08-28T14:49:52.430Z",
      "user": 1,
      "content_type": 11,
      "object_id": "6",
      "object_repr": "Zucchini-Zitronen-Nudeln",
      "action_flag": 2,
      "change_message": "[{\"added\": {\"name\": \"recipe item\", \"object\": \"Zucchini-Zitronen-Nudeln - 1.0 x Zucchini, klein / 125.0 g\"}}, {\"added\": {\"name\": \"recipe item\", \"object\": \"Zucchini-Zitronen-Nudeln - 0.5 x Knoblauchzehe / 4.0 g\"}}, {\"added\": {\"name\": \"recipe item\", \"object\": \"Zucchini-Zitronen-Nudeln - 5.0 x Salz in g / 1.0 g\"}}, {\"added\": {\"name\": \"recipe item\", \"object\": \"Zucchini-Zitronen-Nudeln - 5.0 x Pfeffer, Schwarz in g / 1.0 g\"}}]"
    }
  },
  {
    "model": "admin.logentry",
    "pk": 69,
    "fields": {
      "action_time": "2022-08-28T14:50:11.229Z",
      "user": 1,
      "content_type": 11,
      "object_id": "6",
      "object_repr": "Zucchini-Zitronen-Nudeln",
      "action_flag": 2,
      "change_message": "[]"
    }
  },
  {
    "model": "admin.logentry",
    "pk": 70,
    "fields": {
      "action_time": "2022-08-28T14:50:15.031Z",
      "user": 1,
      "content_type": 11,
      "object_id": "6",
      "object_repr": "Zucchini-Zitronen-Nudeln",
      "action_flag": 2,
      "change_message": "[]"
    }
  },
  {
    "model": "admin.logentry",
    "pk": 71,
    "fields": {
      "action_time": "2022-08-28T15:05:04.153Z",
      "user": 1,
      "content_type": 7,
      "object_id": "128",
      "object_repr": "Oregano - ",
      "action_flag": 1,
      "change_message": "[{\"added\": {}}]"
    }
  },
  {
    "model": "admin.logentry",
    "pk": 72,
    "fields": {
      "action_time": "2022-08-28T15:06:10.106Z",
      "user": 1,
      "content_type": 7,
      "object_id": "128",
      "object_repr": "Oregano - ",
      "action_flag": 2,
      "change_message": "[]"
    }
  },
  {
    "model": "admin.logentry",
    "pk": 73,
    "fields": {
      "action_time": "2022-08-28T15:06:12.096Z",
      "user": 1,
      "content_type": 7,
      "object_id": "128",
      "object_repr": "Oregano - ",
      "action_flag": 2,
      "change_message": "[]"
    }
  },
  {
    "model": "admin.logentry",
    "pk": 74,
    "fields": {
      "action_time": "2022-08-28T15:08:41.384Z",
      "user": 1,
      "content_type": 11,
      "object_id": "1",
      "object_repr": "Nudeln mit Käse und Tomaten",
      "action_flag": 2,
      "change_message": "[{\"added\": {\"name\": \"recipe item\", \"object\": \"Nudeln mit K\\u00e4se und Tomaten - 5.0 x Oregano in g / 1.0 g\"}}]"
    }
  },
  {
    "model": "admin.logentry",
    "pk": 75,
    "fields": {
      "action_time": "2022-08-28T15:08:58.051Z",
      "user": 1,
      "content_type": 11,
      "object_id": "1",
      "object_repr": "Nudeln mit Käse und Tomaten",
      "action_flag": 2,
      "change_message": "[]"
    }
  },
  {
    "model": "admin.logentry",
    "pk": 76,
    "fields": {
      "action_time": "2022-08-28T15:16:45.583Z",
      "user": 1,
      "content_type": 11,
      "object_id": "7",
      "object_repr": "Bandnudeln mit Gorgonzolasauce",
      "action_flag": 1,
      "change_message": "[{\"added\": {}}, {\"added\": {\"name\": \"recipe item\", \"object\": \"Bandnudeln mit Gorgonzolasauce - 125.0 x Nudeln in g / 1.0 g\"}}, {\"added\": {\"name\": \"recipe item\", \"object\": \"Bandnudeln mit Gorgonzolasauce - 2.0 x Speisest\\u00e4rke in EL / 1.0 EL\"}}, {\"added\": {\"name\": \"recipe item\", \"object\": \"Bandnudeln mit Gorgonzolasauce - 30.0 x Milch in g / 1.0 g\"}}, {\"added\": {\"name\": \"recipe item\", \"object\": \"Bandnudeln mit Gorgonzolasauce - 1.0 x Zitronensaft in EL / 1.0 EL\"}}, {\"added\": {\"name\": \"recipe item\", \"object\": \"Bandnudeln mit Gorgonzolasauce - 25.0 x Gorgonzolaa in g / 1.0 g\"}}, {\"added\": {\"name\": \"recipe item\", \"object\": \"Bandnudeln mit Gorgonzolasauce - 30.0 x Zwiebeln in g / 1.0 g\"}}, {\"added\": {\"name\": \"recipe item\", \"object\": \"Bandnudeln mit Gorgonzolasauce - 50.0 x Spinat in g / 1.0 g\"}}]"
    }
  },
  {
    "model": "admin.logentry",
    "pk": 77,
    "fields": {
      "action_time": "2022-08-28T15:16:50.191Z",
      "user": 1,
      "content_type": 11,
      "object_id": "7",
      "object_repr": "Bandnudeln mit Gorgonzolasauce",
      "action_flag": 2,
      "change_message": "[]"
    }
  },
  {
    "model": "admin.logentry",
    "pk": 78,
    "fields": {
      "action_time": "2022-08-28T15:16:57.509Z",
      "user": 1,
      "content_type": 11,
      "object_id": "7",
      "object_repr": "Bandnudeln mit Gorgonzolasauce",
      "action_flag": 2,
      "change_message": "[]"
    }
  },
  {
    "model": "admin.logentry",
    "pk": 79,
    "fields": {
      "action_time": "2022-08-28T15:22:27.529Z",
      "user": 1,
      "content_type": 7,
      "object_id": "129",
      "object_repr": "Pinienkerne - ",
      "action_flag": 1,
      "change_message": "[{\"added\": {}}]"
    }
  },
  {
    "model": "admin.logentry",
    "pk": 80,
    "fields": {
      "action_time": "2022-08-28T15:22:48.593Z",
      "user": 1,
      "content_type": 7,
      "object_id": "129",
      "object_repr": "Pinienkerne - ",
      "action_flag": 2,
      "change_message": "[]"
    }
  },
  {
    "model": "admin.logentry",
    "pk": 81,
    "fields": {
      "action_time": "2022-08-28T15:26:25.029Z",
      "user": 1,
      "content_type": 7,
      "object_id": "130",
      "object_repr": "Saure Sahne - ",
      "action_flag": 1,
      "change_message": "[{\"added\": {}}]"
    }
  },
  {
    "model": "admin.logentry",
    "pk": 82,
    "fields": {
      "action_time": "2022-08-28T15:31:03.678Z",
      "user": 1,
      "content_type": 11,
      "object_id": "8",
      "object_repr": "Spaghetti al pesto",
      "action_flag": 1,
      "change_message": "[{\"added\": {}}, {\"added\": {\"name\": \"recipe item\", \"object\": \"Spaghetti al pesto - 125.0 x Nudeln in g / 1.0 g\"}}, {\"added\": {\"name\": \"recipe item\", \"object\": \"Spaghetti al pesto - 1.0 x Salz in TL / 1.0 TL\"}}, {\"added\": {\"name\": \"recipe item\", \"object\": \"Spaghetti al pesto - 1.0 x Pinienkerne in g / 1.0 g\"}}, {\"added\": {\"name\": \"recipe item\", \"object\": \"Spaghetti al pesto - 1.0 x Basilikum in EL / 1.0 EL\"}}]"
    }
  },
  {
    "model": "admin.logentry",
    "pk": 83,
    "fields": {
      "action_time": "2022-08-28T15:33:03.266Z",
      "user": 1,
      "content_type": 11,
      "object_id": "8",
      "object_repr": "Spaghetti al pesto",
      "action_flag": 2,
      "change_message": "[{\"added\": {\"name\": \"recipe item\", \"object\": \"Spaghetti al pesto - 25.0 x Saure Sahne in g / 1.0 g\"}}, {\"added\": {\"name\": \"recipe item\", \"object\": \"Spaghetti al pesto - 30.0 x Milch in g / 1.0 g\"}}, {\"added\": {\"name\": \"recipe item\", \"object\": \"Spaghetti al pesto - 1.0 x Knoblauchzehe / 4.0 g\"}}, {\"changed\": {\"name\": \"recipe item\", \"object\": \"Spaghetti al pesto - 8.0 x Pinienkerne in g / 1.0 g\", \"fields\": [\"Quantity\"]}}, {\"changed\": {\"name\": \"recipe item\", \"object\": \"Spaghetti al pesto - 2.0 x Basilikumblatt / 6.0 g\", \"fields\": [\"Portion\", \"Quantity\"]}}]"
    }
  },
  {
    "model": "admin.logentry",
    "pk": 84,
    "fields": {
      "action_time": "2022-08-28T15:33:10.816Z",
      "user": 1,
      "content_type": 11,
      "object_id": "8",
      "object_repr": "Spaghetti al pesto",
      "action_flag": 2,
      "change_message": "[]"
    }
  },
  {
    "model": "admin.logentry",
    "pk": 85,
    "fields": {
      "action_time": "2022-08-28T15:33:14.012Z",
      "user": 1,
      "content_type": 11,
      "object_id": "8",
      "object_repr": "Spaghetti al pesto",
      "action_flag": 2,
      "change_message": "[]"
    }
  },
  {
    "model": "admin.logentry",
    "pk": 86,
    "fields": {
      "action_time": "2022-08-28T16:55:34.278Z",
      "user": 1,
      "content_type": 7,
      "object_id": "131",
      "object_repr": "Milka Alpenmilch - ",
      "action_flag": 1,
      "change_message": "[{\"added\": {}}]"
    }
  },
  {
    "model": "admin.logentry",
    "pk": 87,
    "fields": {
      "action_time": "2022-08-28T16:56:00.465Z",
      "user": 1,
      "content_type": 11,
      "object_id": "9",
      "object_repr": "Schokolade",
      "action_flag": 1,
      "change_message": "[{\"added\": {}}, {\"added\": {\"name\": \"recipe item\", \"object\": \"Schokolade - 450.0 x Milka Alpenmilch in g / 1.0 g\"}}]"
    }
  },
  {
    "model": "admin.logentry",
    "pk": 88,
    "fields": {
      "action_time": "2022-08-28T16:56:10.397Z",
      "user": 1,
      "content_type": 11,
      "object_id": "9",
      "object_repr": "Schokoladen Abendessen",
      "action_flag": 2,
      "change_message": "[{\"changed\": {\"fields\": [\"Name\"]}}]"
    }
  },
  {
    "model": "admin.logentry",
    "pk": 89,
    "fields": {
      "action_time": "2022-08-28T16:56:13.797Z",
      "user": 1,
      "content_type": 11,
      "object_id": "9",
      "object_repr": "Schokoladen Abendessen",
      "action_flag": 2,
      "change_message": "[]"
    }
  },
  {
    "model": "admin.logentry",
    "pk": 90,
    "fields": {
      "action_time": "2022-08-28T16:56:29.285Z",
      "user": 1,
      "content_type": 11,
      "object_id": "9",
      "object_repr": "Schokoladen Abendessen",
      "action_flag": 2,
      "change_message": "[{\"changed\": {\"name\": \"recipe item\", \"object\": \"Schokoladen Abendessen - 350.0 x Milka Alpenmilch in g / 1.0 g\", \"fields\": [\"Quantity\"]}}]"
    }
  },
  {
    "model": "admin.logentry",
    "pk": 91,
    "fields": {
      "action_time": "2022-08-28T16:56:32.758Z",
      "user": 1,
      "content_type": 11,
      "object_id": "9",
      "object_repr": "Schokoladen Abendessen",
      "action_flag": 2,
      "change_message": "[]"
    }
  },
  {
    "model": "admin.logentry",
    "pk": 92,
    "fields": {
      "action_time": "2022-08-28T16:56:35.695Z",
      "user": 1,
      "content_type": 11,
      "object_id": "9",
      "object_repr": "Schokoladen Abendessen",
      "action_flag": 2,
      "change_message": "[]"
    }
  },
  {
    "model": "admin.logentry",
    "pk": 93,
    "fields": {
      "action_time": "2022-08-28T16:57:07.810Z",
      "user": 1,
      "content_type": 11,
      "object_id": "9",
      "object_repr": "Schokoladen Abendessen",
      "action_flag": 2,
      "change_message": "[{\"changed\": {\"name\": \"recipe item\", \"object\": \"Schokoladen Abendessen - 200.0 x Milka Alpenmilch in g / 1.0 g\", \"fields\": [\"Quantity\"]}}]"
    }
  },
  {
    "model": "admin.logentry",
    "pk": 94,
    "fields": {
      "action_time": "2022-08-28T16:57:11.263Z",
      "user": 1,
      "content_type": 11,
      "object_id": "9",
      "object_repr": "Schokoladen Abendessen",
      "action_flag": 2,
      "change_message": "[]"
    }
  },
  {
    "model": "admin.logentry",
    "pk": 95,
    "fields": {
      "action_time": "2022-08-28T16:57:23.933Z",
      "user": 1,
      "content_type": 11,
      "object_id": "9",
      "object_repr": "Schokoladen Abendessen",
      "action_flag": 2,
      "change_message": "[{\"changed\": {\"name\": \"recipe item\", \"object\": \"Schokoladen Abendessen - 150.0 x Milka Alpenmilch in g / 1.0 g\", \"fields\": [\"Quantity\"]}}]"
    }
  },
  {
    "model": "admin.logentry",
    "pk": 96,
    "fields": {
      "action_time": "2022-08-28T16:57:27.413Z",
      "user": 1,
      "content_type": 11,
      "object_id": "9",
      "object_repr": "Schokoladen Abendessen",
      "action_flag": 2,
      "change_message": "[]"
    }
  },
  {
    "model": "admin.logentry",
    "pk": 97,
    "fields": {
      "action_time": "2022-08-28T16:58:53.499Z",
      "user": 1,
      "content_type": 11,
      "object_id": "10",
      "object_repr": "Apfel Mahlzeit",
      "action_flag": 1,
      "change_message": "[{\"added\": {}}, {\"added\": {\"name\": \"recipe item\", \"object\": \"Apfel Mahlzeit - 3.0 x Apfel St\\u00fcck / 200.0 g\"}}]"
    }
  },
  {
    "model": "admin.logentry",
    "pk": 98,
    "fields": {
      "action_time": "2022-08-28T16:59:02.170Z",
      "user": 1,
      "content_type": 11,
      "object_id": "9",
      "object_repr": "Schokoladen Mahlzeit",
      "action_flag": 2,
      "change_message": "[{\"changed\": {\"fields\": [\"Name\"]}}]"
    }
  },
  {
    "model": "admin.logentry",
    "pk": 99,
    "fields": {
      "action_time": "2022-08-28T16:59:06.229Z",
      "user": 1,
      "content_type": 11,
      "object_id": "10",
      "object_repr": "Apfel Mahlzeit",
      "action_flag": 2,
      "change_message": "[]"
    }
  },
  {
    "model": "admin.logentry",
    "pk": 100,
    "fields": {
      "action_time": "2022-08-28T16:59:09.364Z",
      "user": 1,
      "content_type": 11,
      "object_id": "10",
      "object_repr": "Apfel Mahlzeit",
      "action_flag": 2,
      "change_message": "[]"
    }
  },
  {
    "model": "admin.logentry",
    "pk": 101,
    "fields": {
      "action_time": "2022-08-28T16:59:12.608Z",
      "user": 1,
      "content_type": 11,
      "object_id": "10",
      "object_repr": "Apfel Mahlzeit",
      "action_flag": 2,
      "change_message": "[]"
    }
  },
  {
    "model": "auth.permission",
    "pk": 1,
    "fields": {
      "name": "Can add log entry",
      "content_type": 1,
      "codename": "add_logentry"
    }
  },
  {
    "model": "auth.permission",
    "pk": 2,
    "fields": {
      "name": "Can change log entry",
      "content_type": 1,
      "codename": "change_logentry"
    }
  },
  {
    "model": "auth.permission",
    "pk": 3,
    "fields": {
      "name": "Can delete log entry",
      "content_type": 1,
      "codename": "delete_logentry"
    }
  },
  {
    "model": "auth.permission",
    "pk": 4,
    "fields": {
      "name": "Can view log entry",
      "content_type": 1,
      "codename": "view_logentry"
    }
  },
  {
    "model": "auth.permission",
    "pk": 5,
    "fields": {
      "name": "Can add permission",
      "content_type": 2,
      "codename": "add_permission"
    }
  },
  {
    "model": "auth.permission",
    "pk": 6,
    "fields": {
      "name": "Can change permission",
      "content_type": 2,
      "codename": "change_permission"
    }
  },
  {
    "model": "auth.permission",
    "pk": 7,
    "fields": {
      "name": "Can delete permission",
      "content_type": 2,
      "codename": "delete_permission"
    }
  },
  {
    "model": "auth.permission",
    "pk": 8,
    "fields": {
      "name": "Can view permission",
      "content_type": 2,
      "codename": "view_permission"
    }
  },
  {
    "model": "auth.permission",
    "pk": 9,
    "fields": {
      "name": "Can add group",
      "content_type": 3,
      "codename": "add_group"
    }
  },
  {
    "model": "auth.permission",
    "pk": 10,
    "fields": {
      "name": "Can change group",
      "content_type": 3,
      "codename": "change_group"
    }
  },
  {
    "model": "auth.permission",
    "pk": 11,
    "fields": {
      "name": "Can delete group",
      "content_type": 3,
      "codename": "delete_group"
    }
  },
  {
    "model": "auth.permission",
    "pk": 12,
    "fields": {
      "name": "Can view group",
      "content_type": 3,
      "codename": "view_group"
    }
  },
  {
    "model": "auth.permission",
    "pk": 13,
    "fields": {
      "name": "Can add user",
      "content_type": 4,
      "codename": "add_user"
    }
  },
  {
    "model": "auth.permission",
    "pk": 14,
    "fields": {
      "name": "Can change user",
      "content_type": 4,
      "codename": "change_user"
    }
  },
  {
    "model": "auth.permission",
    "pk": 15,
    "fields": {
      "name": "Can delete user",
      "content_type": 4,
      "codename": "delete_user"
    }
  },
  {
    "model": "auth.permission",
    "pk": 16,
    "fields": {
      "name": "Can view user",
      "content_type": 4,
      "codename": "view_user"
    }
  },
  {
    "model": "auth.permission",
    "pk": 17,
    "fields": {
      "name": "Can add content type",
      "content_type": 5,
      "codename": "add_contenttype"
    }
  },
  {
    "model": "auth.permission",
    "pk": 18,
    "fields": {
      "name": "Can change content type",
      "content_type": 5,
      "codename": "change_contenttype"
    }
  },
  {
    "model": "auth.permission",
    "pk": 19,
    "fields": {
      "name": "Can delete content type",
      "content_type": 5,
      "codename": "delete_contenttype"
    }
  },
  {
    "model": "auth.permission",
    "pk": 20,
    "fields": {
      "name": "Can view content type",
      "content_type": 5,
      "codename": "view_contenttype"
    }
  },
  {
    "model": "auth.permission",
    "pk": 21,
    "fields": {
      "name": "Can add session",
      "content_type": 6,
      "codename": "add_session"
    }
  },
  {
    "model": "auth.permission",
    "pk": 22,
    "fields": {
      "name": "Can change session",
      "content_type": 6,
      "codename": "change_session"
    }
  },
  {
    "model": "auth.permission",
    "pk": 23,
    "fields": {
      "name": "Can delete session",
      "content_type": 6,
      "codename": "delete_session"
    }
  },
  {
    "model": "auth.permission",
    "pk": 24,
    "fields": {
      "name": "Can view session",
      "content_type": 6,
      "codename": "view_session"
    }
  },
  {
    "model": "auth.permission",
    "pk": 25,
    "fields": {
      "name": "Can add ingredient",
      "content_type": 7,
      "codename": "add_ingredient"
    }
  },
  {
    "model": "auth.permission",
    "pk": 26,
    "fields": {
      "name": "Can change ingredient",
      "content_type": 7,
      "codename": "change_ingredient"
    }
  },
  {
    "model": "auth.permission",
    "pk": 27,
    "fields": {
      "name": "Can delete ingredient",
      "content_type": 7,
      "codename": "delete_ingredient"
    }
  },
  {
    "model": "auth.permission",
    "pk": 28,
    "fields": {
      "name": "Can view ingredient",
      "content_type": 7,
      "codename": "view_ingredient"
    }
  },
  {
    "model": "auth.permission",
    "pk": 29,
    "fields": {
      "name": "Can add measuring unit",
      "content_type": 8,
      "codename": "add_measuringunit"
    }
  },
  {
    "model": "auth.permission",
    "pk": 30,
    "fields": {
      "name": "Can change measuring unit",
      "content_type": 8,
      "codename": "change_measuringunit"
    }
  },
  {
    "model": "auth.permission",
    "pk": 31,
    "fields": {
      "name": "Can delete measuring unit",
      "content_type": 8,
      "codename": "delete_measuringunit"
    }
  },
  {
    "model": "auth.permission",
    "pk": 32,
    "fields": {
      "name": "Can view measuring unit",
      "content_type": 8,
      "codename": "view_measuringunit"
    }
  },
  {
    "model": "auth.permission",
    "pk": 33,
    "fields": {
      "name": "Can add package",
      "content_type": 9,
      "codename": "add_package"
    }
  },
  {
    "model": "auth.permission",
    "pk": 34,
    "fields": {
      "name": "Can change package",
      "content_type": 9,
      "codename": "change_package"
    }
  },
  {
    "model": "auth.permission",
    "pk": 35,
    "fields": {
      "name": "Can delete package",
      "content_type": 9,
      "codename": "delete_package"
    }
  },
  {
    "model": "auth.permission",
    "pk": 36,
    "fields": {
      "name": "Can view package",
      "content_type": 9,
      "codename": "view_package"
    }
  },
  {
    "model": "auth.permission",
    "pk": 37,
    "fields": {
      "name": "Can add portion",
      "content_type": 10,
      "codename": "add_portion"
    }
  },
  {
    "model": "auth.permission",
    "pk": 38,
    "fields": {
      "name": "Can change portion",
      "content_type": 10,
      "codename": "change_portion"
    }
  },
  {
    "model": "auth.permission",
    "pk": 39,
    "fields": {
      "name": "Can delete portion",
      "content_type": 10,
      "codename": "delete_portion"
    }
  },
  {
    "model": "auth.permission",
    "pk": 40,
    "fields": {
      "name": "Can view portion",
      "content_type": 10,
      "codename": "view_portion"
    }
  },
  {
    "model": "auth.permission",
    "pk": 41,
    "fields": {
      "name": "Can add recipe",
      "content_type": 11,
      "codename": "add_recipe"
    }
  },
  {
    "model": "auth.permission",
    "pk": 42,
    "fields": {
      "name": "Can change recipe",
      "content_type": 11,
      "codename": "change_recipe"
    }
  },
  {
    "model": "auth.permission",
    "pk": 43,
    "fields": {
      "name": "Can delete recipe",
      "content_type": 11,
      "codename": "delete_recipe"
    }
  },
  {
    "model": "auth.permission",
    "pk": 44,
    "fields": {
      "name": "Can view recipe",
      "content_type": 11,
      "codename": "view_recipe"
    }
  },
  {
    "model": "auth.permission",
    "pk": 45,
    "fields": {
      "name": "Can add retailer",
      "content_type": 12,
      "codename": "add_retailer"
    }
  },
  {
    "model": "auth.permission",
    "pk": 46,
    "fields": {
      "name": "Can change retailer",
      "content_type": 12,
      "codename": "change_retailer"
    }
  },
  {
    "model": "auth.permission",
    "pk": 47,
    "fields": {
      "name": "Can delete retailer",
      "content_type": 12,
      "codename": "delete_retailer"
    }
  },
  {
    "model": "auth.permission",
    "pk": 48,
    "fields": {
      "name": "Can view retailer",
      "content_type": 12,
      "codename": "view_retailer"
    }
  },
  {
    "model": "auth.permission",
    "pk": 49,
    "fields": {
      "name": "Can add tag category",
      "content_type": 13,
      "codename": "add_tagcategory"
    }
  },
  {
    "model": "auth.permission",
    "pk": 50,
    "fields": {
      "name": "Can change tag category",
      "content_type": 13,
      "codename": "change_tagcategory"
    }
  },
  {
    "model": "auth.permission",
    "pk": 51,
    "fields": {
      "name": "Can delete tag category",
      "content_type": 13,
      "codename": "delete_tagcategory"
    }
  },
  {
    "model": "auth.permission",
    "pk": 52,
    "fields": {
      "name": "Can view tag category",
      "content_type": 13,
      "codename": "view_tagcategory"
    }
  },
  {
    "model": "auth.permission",
    "pk": 53,
    "fields": {
      "name": "Can add tag",
      "content_type": 14,
      "codename": "add_tag"
    }
  },
  {
    "model": "auth.permission",
    "pk": 54,
    "fields": {
      "name": "Can change tag",
      "content_type": 14,
      "codename": "change_tag"
    }
  },
  {
    "model": "auth.permission",
    "pk": 55,
    "fields": {
      "name": "Can delete tag",
      "content_type": 14,
      "codename": "delete_tag"
    }
  },
  {
    "model": "auth.permission",
    "pk": 56,
    "fields": {
      "name": "Can view tag",
      "content_type": 14,
      "codename": "view_tag"
    }
  },
  {
    "model": "auth.permission",
    "pk": 57,
    "fields": {
      "name": "Can add recipe item",
      "content_type": 15,
      "codename": "add_recipeitem"
    }
  },
  {
    "model": "auth.permission",
    "pk": 58,
    "fields": {
      "name": "Can change recipe item",
      "content_type": 15,
      "codename": "change_recipeitem"
    }
  },
  {
    "model": "auth.permission",
    "pk": 59,
    "fields": {
      "name": "Can delete recipe item",
      "content_type": 15,
      "codename": "delete_recipeitem"
    }
  },
  {
    "model": "auth.permission",
    "pk": 60,
    "fields": {
      "name": "Can view recipe item",
      "content_type": 15,
      "codename": "view_recipeitem"
    }
  },
  {
    "model": "auth.permission",
    "pk": 61,
    "fields": {
      "name": "Can add price",
      "content_type": 16,
      "codename": "add_price"
    }
  },
  {
    "model": "auth.permission",
    "pk": 62,
    "fields": {
      "name": "Can change price",
      "content_type": 16,
      "codename": "change_price"
    }
  },
  {
    "model": "auth.permission",
    "pk": 63,
    "fields": {
      "name": "Can delete price",
      "content_type": 16,
      "codename": "delete_price"
    }
  },
  {
    "model": "auth.permission",
    "pk": 64,
    "fields": {
      "name": "Can view price",
      "content_type": 16,
      "codename": "view_price"
    }
  },
  {
    "model": "auth.user",
    "pk": 1,
    "fields": {
      "password": "pbkdf2_sha256$320000$ZqEEhFpxUcdyUjGtU9zdbR$mUgwKzBpHyrjXf8AYgHS/4qvAap7vOwk7MKXoQ5RH7o=",
      "last_login": "2022-08-28T13:25:12.850Z",
      "is_superuser": true,
      "username": "robert_admin",
      "first_name": "",
      "last_name": "",
      "email": "",
      "is_staff": true,
      "is_active": true,
      "date_joined": "2022-08-27T17:06:43.785Z",
      "groups": [],
      "user_permissions": []
    }
  },
  {
    "model": "contenttypes.contenttype",
    "pk": 1,
    "fields": { "app_label": "admin", "model": "logentry" }
  },
  {
    "model": "contenttypes.contenttype",
    "pk": 2,
    "fields": { "app_label": "auth", "model": "permission" }
  },
  {
    "model": "contenttypes.contenttype",
    "pk": 3,
    "fields": { "app_label": "auth", "model": "group" }
  },
  {
    "model": "contenttypes.contenttype",
    "pk": 4,
    "fields": { "app_label": "auth", "model": "user" }
  },
  {
    "model": "contenttypes.contenttype",
    "pk": 5,
    "fields": { "app_label": "contenttypes", "model": "contenttype" }
  },
  {
    "model": "contenttypes.contenttype",
    "pk": 6,
    "fields": { "app_label": "sessions", "model": "session" }
  },
  {
    "model": "contenttypes.contenttype",
    "pk": 7,
    "fields": { "app_label": "food", "model": "ingredient" }
  },
  {
    "model": "contenttypes.contenttype",
    "pk": 8,
    "fields": { "app_label": "food", "model": "measuringunit" }
  },
  {
    "model": "contenttypes.contenttype",
    "pk": 9,
    "fields": { "app_label": "food", "model": "package" }
  },
  {
    "model": "contenttypes.contenttype",
    "pk": 10,
    "fields": { "app_label": "food", "model": "portion" }
  },
  {
    "model": "contenttypes.contenttype",
    "pk": 11,
    "fields": { "app_label": "food", "model": "recipe" }
  },
  {
    "model": "contenttypes.contenttype",
    "pk": 12,
    "fields": { "app_label": "food", "model": "retailer" }
  },
  {
    "model": "contenttypes.contenttype",
    "pk": 13,
    "fields": { "app_label": "food", "model": "tagcategory" }
  },
  {
    "model": "contenttypes.contenttype",
    "pk": 14,
    "fields": { "app_label": "food", "model": "tag" }
  },
  {
    "model": "contenttypes.contenttype",
    "pk": 15,
    "fields": { "app_label": "food", "model": "recipeitem" }
  },
  {
    "model": "contenttypes.contenttype",
    "pk": 16,
    "fields": { "app_label": "food", "model": "price" }
  },
  {
    "model": "sessions.session",
    "pk": "lsw7fwrghd4ueirxh0c7dk30eikqciqr",
    "fields": {
      "session_data": ".eJxVjEEOwiAQRe_C2hBoYACX7j0DmYFBqgaS0q6Md9cmXej2v_f-S0Tc1hq3wUucszgLLU6_G2F6cNtBvmO7dZl6W5eZ5K7Igw557Zmfl8P9O6g46rdGRcwaLFMoMNnAVLwD1mgYCjrnrfLWG1C2OO8MJQ8qTCkDJiomBPH-APDpN_0:1oSIHo:1dyUfy9s3oy3ZNSmLWXHFTA-7H4-PK_qYOUGQaparag",
      "expire_date": "2022-09-11T13:25:12.851Z"
    }
  },
  {
    "model": "sessions.session",
    "pk": "scybpwfip57nwh3oz47xbt0igxmpv3xb",
    "fields": {
      "session_data": ".eJxVjEEOwiAQRe_C2hBoYACX7j0DmYFBqgaS0q6Md9cmXej2v_f-S0Tc1hq3wUucszgLLU6_G2F6cNtBvmO7dZl6W5eZ5K7Igw557Zmfl8P9O6g46rdGRcwaLFMoMNnAVLwD1mgYCjrnrfLWG1C2OO8MJQ8qTCkDJiomBPH-APDpN_0:1oRzGw:pyb47qETD31jw40YBmh1DQEQ2uQgwoPc46RwFNEEdX0",
      "expire_date": "2022-09-10T17:07:02.147Z"
    }
  },
  {
    "model": "food.measuringunit",
    "pk": 1,
    "fields": {
      "created_at": null,
      "updated_at": null,
      "name": "EL",
      "description": "Esslöffel",
      "quantity": 15.0,
      "unit": "ml"
    }
  },
  {
    "model": "food.measuringunit",
    "pk": 2,
    "fields": {
      "created_at": null,
      "updated_at": null,
      "name": "TL",
      "description": "Teelöffel",
      "quantity": 5.0,
      "unit": "ml"
    }
  },
  {
    "model": "food.measuringunit",
    "pk": 3,
    "fields": {
      "created_at": null,
      "updated_at": null,
      "name": "g",
      "description": "Gramm",
      "quantity": 1.0,
      "unit": "g"
    }
  },
  {
    "model": "food.measuringunit",
    "pk": 4,
    "fields": {
      "created_at": null,
      "updated_at": null,
      "name": "Kg",
      "description": "Kilogramm",
      "quantity": 1000.0,
      "unit": "g"
    }
  },
  {
    "model": "food.measuringunit",
    "pk": 5,
    "fields": {
      "created_at": null,
      "updated_at": null,
      "name": "ml",
      "description": "Milliliter",
      "quantity": 1.0,
      "unit": "ml"
    }
  },
  {
    "model": "food.measuringunit",
    "pk": 6,
    "fields": {
      "created_at": null,
      "updated_at": null,
      "name": "l",
      "description": "Liter",
      "quantity": 1000.0,
      "unit": "ml"
    }
  },
  {
    "model": "food.measuringunit",
    "pk": 7,
    "fields": {
      "created_at": null,
      "updated_at": null,
      "name": "Msp",
      "description": "Messerspitze",
      "quantity": 2.0,
      "unit": "ml"
    }
  },
  {
    "model": "food.measuringunit",
    "pk": 8,
    "fields": {
      "created_at": null,
      "updated_at": null,
      "name": "n.B.",
      "description": "nach Belieben",
      "quantity": 1.0,
      "unit": "g"
    }
  },
  {
    "model": "food.measuringunit",
    "pk": 9,
    "fields": {
      "created_at": null,
      "updated_at": null,
      "name": "Ta",
      "description": "Tasse",
      "quantity": 150.0,
      "unit": "ml"
    }
  },
  {
    "model": "food.measuringunit",
    "pk": 10,
    "fields": {
      "created_at": null,
      "updated_at": null,
      "name": "Pr",
      "description": "Prise",
      "quantity": 2.0,
      "unit": "ml"
    }
  },
  {
    "model": "food.measuringunit",
    "pk": 11,
    "fields": {
      "created_at": null,
      "updated_at": null,
      "name": "Sp",
      "description": "Spitzer",
      "quantity": 10.0,
      "unit": "ml"
    }
  },
  {
    "model": "food.tagcategory",
    "pk": 1,
    "fields": {
      "created_at": null,
      "updated_at": null,
      "name": "Nahrungstyp",
      "description": "z.B. Obst, Gemüse, Fleisch, ",
      "is_ingredient": true,
      "is_recipe": false
    }
  },
  {
    "model": "food.tagcategory",
    "pk": 2,
    "fields": {
      "created_at": null,
      "updated_at": null,
      "name": "Rezepttyp",
      "description": "z.B. Hauptgericht, Getränk",
      "is_ingredient": false,
      "is_recipe": true
    }
  },
  {
    "model": "food.tagcategory",
    "pk": 3,
    "fields": {
      "created_at": null,
      "updated_at": null,
      "name": "Region",
      "description": "Italien, Norddeutschland",
      "is_ingredient": true,
      "is_recipe": true
    }
  },
  {
    "model": "food.tagcategory",
    "pk": 4,
    "fields": {
      "created_at": null,
      "updated_at": null,
      "name": "Verfügbarkeit",
      "description": "Wie ist die Verfügbarkeit in deutschen Supermärkten.",
      "is_ingredient": true,
      "is_recipe": false
    }
  },
  {
    "model": "food.tagcategory",
    "pk": 5,
    "fields": {
      "created_at": null,
      "updated_at": null,
      "name": "Hilfsmittel",
      "description": "Messer, Küchenmaschine, Waffeleisen",
      "is_ingredient": false,
      "is_recipe": true
    }
  },
  {
    "model": "food.tagcategory",
    "pk": 6,
    "fields": {
      "created_at": null,
      "updated_at": null,
      "name": "Unverträglichkeiten",
      "description": "Lactose, Gluten",
      "is_ingredient": true,
      "is_recipe": false
    }
  },
  {
    "model": "food.tag",
    "pk": 1,
    "fields": {
      "created_at": null,
      "updated_at": null,
      "name": "Obst",
      "description": "",
      "tag_category": 1,
      "is_ingredient": true,
      "is_recipe": false
    }
  },
  {
    "model": "food.tag",
    "pk": 2,
    "fields": {
      "created_at": null,
      "updated_at": null,
      "name": "Gemüse",
      "description": "",
      "tag_category": 1,
      "is_ingredient": true,
      "is_recipe": false
    }
  },
  {
    "model": "food.tag",
    "pk": 3,
    "fields": {
      "created_at": null,
      "updated_at": null,
      "name": "Fleisch",
      "description": "",
      "tag_category": 1,
      "is_ingredient": true,
      "is_recipe": false
    }
  },
  {
    "model": "food.tag",
    "pk": 4,
    "fields": {
      "created_at": null,
      "updated_at": null,
      "name": "Hauptspeise",
      "description": "",
      "tag_category": 2,
      "is_ingredient": true,
      "is_recipe": false
    }
  },
  {
    "model": "food.tag",
    "pk": 5,
    "fields": {
      "created_at": null,
      "updated_at": null,
      "name": "Getränk",
      "description": "",
      "tag_category": 2,
      "is_ingredient": true,
      "is_recipe": false
    }
  },
  {
    "model": "food.tag",
    "pk": 6,
    "fields": {
      "created_at": null,
      "updated_at": null,
      "name": "Nachspeise",
      "description": "",
      "tag_category": 2,
      "is_ingredient": true,
      "is_recipe": false
    }
  },
  {
    "model": "food.tag",
    "pk": 7,
    "fields": {
      "created_at": null,
      "updated_at": null,
      "name": "Vorspeise",
      "description": "",
      "tag_category": 2,
      "is_ingredient": true,
      "is_recipe": false
    }
  },
  {
    "model": "food.tag",
    "pk": 8,
    "fields": {
      "created_at": null,
      "updated_at": null,
      "name": "Hülsenfrüchte",
      "description": "",
      "tag_category": 6,
      "is_ingredient": true,
      "is_recipe": false
    }
  },
  {
    "model": "food.tag",
    "pk": 9,
    "fields": {
      "created_at": null,
      "updated_at": null,
      "name": "Vegan",
      "description": "",
      "tag_category": 6,
      "is_ingredient": true,
      "is_recipe": false
    }
  },
  {
    "model": "food.tag",
    "pk": 10,
    "fields": {
      "created_at": null,
      "updated_at": null,
      "name": "Vegetarisch",
      "description": "",
      "tag_category": 6,
      "is_ingredient": true,
      "is_recipe": false
    }
  },
  {
    "model": "food.ingredient",
    "pk": 1,
    "fields": {
      "created_at": null,
      "updated_at": "2022-08-28T21:00:53.215Z",
      "energy_kj": 111.0,
      "protein_g": 0.83,
      "fat_g": 0.63,
      "saturated_fatty_acids_g": 0.0,
      "sugar_g": 0.0,
      "sodium_mg": 6.0,
      "fruit_factor": 0.0,
      "carbohydrate_g": 5.51,
      "fibre_g": 2.1,
      "name": "Tomate",
      "description": "",
      "physical_density": 1.0,
      "physical_viscosity": "solid",
      "fdc_id": 321360,
      "nutri_points": -2,
      "nutri_class": 1.0,
      "ndb_number": 100147,
      "major_class": "Vegetables and Vegetable Products",
      "tags": []
    }
  },
  {
    "model": "food.ingredient",
    "pk": 3,
    "fields": {
      "created_at": null,
      "updated_at": "2022-08-28T21:00:53.216Z",
      "energy_kj": 1136.0,
      "protein_g": 1.81,
      "fat_g": 0.15,
      "saturated_fatty_acids_g": 0.0,
      "sugar_g": 66.47,
      "sodium_mg": 1.0,
      "fruit_factor": 0.0,
      "carbohydrate_g": 74.97,
      "fibre_g": 6.7,
      "name": "Dattel",
      "description": "",
      "physical_density": 1.0,
      "physical_viscosity": "solid",
      "fdc_id": 168191,
      "nutri_points": 7,
      "nutri_class": 3.0,
      "ndb_number": 9421,
      "major_class": "Fruits and Fruit Juices",
      "tags": []
    }
  },
  {
    "model": "food.ingredient",
    "pk": 4,
    "fields": {
      "created_at": null,
      "updated_at": "2022-08-28T21:00:53.217Z",
      "energy_kj": 262.0,
      "protein_g": 0.1484375,
      "fat_g": 0.1625,
      "saturated_fatty_acids_g": 0.0,
      "sugar_g": 13.33,
      "sodium_mg": 1.013,
      "fruit_factor": 0.0,
      "carbohydrate_g": 15.6511625,
      "fibre_g": 2.075,
      "name": "Apfel",
      "description": "",
      "physical_density": 1.0,
      "physical_viscosity": "solid",
      "fdc_id": 1750340,
      "nutri_points": 0,
      "nutri_class": 2.0,
      "ndb_number": 9504,
      "major_class": "Fruits and Fruit Juices",
      "tags": []
    }
  },
  {
    "model": "food.ingredient",
    "pk": 5,
    "fields": {
      "created_at": null,
      "updated_at": "2022-08-28T21:00:53.217Z",
      "energy_kj": 0.0,
      "protein_g": 0.0,
      "fat_g": 0.0,
      "saturated_fatty_acids_g": 0.0,
      "sugar_g": 0.0,
      "sodium_mg": 38700.0,
      "fruit_factor": 0.0,
      "carbohydrate_g": 0.0,
      "fibre_g": 0.0,
      "name": "Salz",
      "description": "",
      "physical_density": 2.0,
      "physical_viscosity": "solid",
      "fdc_id": 746775,
      "nutri_points": 0,
      "nutri_class": 2.0,
      "ndb_number": 2047,
      "major_class": "Spices and Herbs",
      "tags": []
    }
  },
  {
    "model": "food.ingredient",
    "pk": 7,
    "fields": {
      "created_at": null,
      "updated_at": "2022-08-28T21:00:53.218Z",
      "energy_kj": 1763.0,
      "protein_g": 5.79,
      "fat_g": 14.3,
      "saturated_fatty_acids_g": 4.78,
      "sugar_g": 0.0,
      "sodium_mg": 314.0,
      "fruit_factor": 0.0,
      "carbohydrate_g": 69.6,
      "fibre_g": 3.3,
      "name": "Haferflocken",
      "description": "",
      "physical_density": 1.0,
      "physical_viscosity": "solid",
      "fdc_id": 333008,
      "nutri_points": 6,
      "nutri_class": 3.0,
      "ndb_number": 100192,
      "major_class": "Baked Products",
      "tags": []
    }
  },
  {
    "model": "food.ingredient",
    "pk": 8,
    "fields": {
      "created_at": null,
      "updated_at": "2022-08-28T21:00:53.218Z",
      "energy_kj": 1013.0,
      "protein_g": 3.99,
      "fat_g": 1.24,
      "saturated_fatty_acids_g": 0.345,
      "sugar_g": 2.17,
      "sodium_mg": 10.0,
      "fruit_factor": 0.0,
      "carbohydrate_g": 80.59,
      "fibre_g": 53.1,
      "name": "Zimt, Pulver",
      "description": "",
      "physical_density": 2.0,
      "physical_viscosity": "solid",
      "fdc_id": 171320,
      "nutri_points": -4,
      "nutri_class": 1.0,
      "ndb_number": 2010,
      "major_class": "Spices and Herbs",
      "tags": []
    }
  },
  {
    "model": "food.ingredient",
    "pk": 9,
    "fields": {
      "created_at": null,
      "updated_at": "2022-08-28T21:00:53.219Z",
      "energy_kj": 3415.0,
      "protein_g": 0.0,
      "fat_g": 99.1,
      "saturated_fatty_acids_g": 82.5,
      "sugar_g": 0.0,
      "sodium_mg": 0.0,
      "fruit_factor": 0.0,
      "carbohydrate_g": 0.84,
      "fibre_g": 0.0,
      "name": "Kokosöl",
      "description": "",
      "physical_density": 2.0,
      "physical_viscosity": "solid",
      "fdc_id": 330458,
      "nutri_points": 20,
      "nutri_class": 5.0,
      "ndb_number": 4047,
      "major_class": "Fats and Oils",
      "tags": []
    }
  },
  {
    "model": "food.ingredient",
    "pk": 10,
    "fields": {
      "created_at": null,
      "updated_at": "2022-08-28T21:00:53.219Z",
      "energy_kj": 90.0,
      "protein_g": 0.35,
      "fat_g": 0.24,
      "saturated_fatty_acids_g": 0.04,
      "sugar_g": 2.52,
      "sodium_mg": 1.0,
      "fruit_factor": 0.0,
      "carbohydrate_g": 6.9,
      "fibre_g": 0.3,
      "name": "Zitronensaft",
      "description": "",
      "physical_density": 1.0,
      "physical_viscosity": "solid",
      "fdc_id": 167747,
      "nutri_points": 0,
      "nutri_class": 2.0,
      "ndb_number": 9152,
      "major_class": "Fruits and Fruit Juices",
      "tags": []
    }
  },
  {
    "model": "food.ingredient",
    "pk": 11,
    "fields": {
      "created_at": null,
      "updated_at": "2022-08-28T21:00:53.220Z",
      "energy_kj": 1066.0,
      "protein_g": 0.04,
      "fat_g": 0.06,
      "saturated_fatty_acids_g": 0.007,
      "sugar_g": 60.46,
      "sodium_mg": 12.0,
      "fruit_factor": 0.0,
      "carbohydrate_g": 67.04,
      "fibre_g": 0.0,
      "name": "Arhornsirup",
      "description": "",
      "physical_density": 1.3,
      "physical_viscosity": "solid",
      "fdc_id": 169661,
      "nutri_points": 13,
      "nutri_class": 4.0,
      "ndb_number": 19353,
      "major_class": "Sweets",
      "tags": []
    }
  },
  {
    "model": "food.ingredient",
    "pk": 12,
    "fields": {
      "created_at": null,
      "updated_at": "2022-08-28T21:00:53.221Z",
      "energy_kj": 1451.0,
      "protein_g": 3.33,
      "fat_g": 33.49,
      "saturated_fatty_acids_g": 29.698,
      "sugar_g": 6.23,
      "sodium_mg": 20.0,
      "fruit_factor": 0.0,
      "carbohydrate_g": 15.23,
      "fibre_g": 9.0,
      "name": "Kokosraspeln",
      "description": "",
      "physical_density": 1.3,
      "physical_viscosity": "solid",
      "fdc_id": 170169,
      "nutri_points": 8,
      "nutri_class": 3.0,
      "ndb_number": 12104,
      "major_class": "Nut and Seed Products",
      "tags": []
    }
  },
  {
    "model": "food.ingredient",
    "pk": 14,
    "fields": {
      "created_at": null,
      "updated_at": "2022-08-28T21:00:53.221Z",
      "energy_kj": 1521.0,
      "protein_g": 13.04,
      "fat_g": 1.51,
      "saturated_fatty_acids_g": 0.277,
      "sugar_g": 2.67,
      "sodium_mg": 6.0,
      "fruit_factor": 0.0,
      "carbohydrate_g": 74.67,
      "fibre_g": 3.2,
      "name": "Nudeln, roh",
      "description": "",
      "physical_density": 1.5,
      "physical_viscosity": "solid",
      "fdc_id": 169736,
      "nutri_points": -4,
      "nutri_class": 1.0,
      "ndb_number": 20120,
      "major_class": "Cereal Grains and Pasta",
      "tags": []
    }
  },
  {
    "model": "food.ingredient",
    "pk": 15,
    "fields": {
      "created_at": null,
      "updated_at": "2022-08-28T21:00:53.222Z",
      "energy_kj": 1443.0,
      "protein_g": 13.87,
      "fat_g": 2.93,
      "saturated_fatty_acids_g": 0.428,
      "sugar_g": 2.74,
      "sodium_mg": 6.0,
      "fruit_factor": 0.0,
      "carbohydrate_g": 73.37,
      "fibre_g": 9.2,
      "name": "Vollkornnudel, roh",
      "description": "",
      "physical_density": 1.5,
      "physical_viscosity": "solid",
      "fdc_id": 169738,
      "nutri_points": -6,
      "nutri_class": 1.0,
      "ndb_number": 20124,
      "major_class": "Cereal Grains and Pasta",
      "tags": []
    }
  },
  {
    "model": "food.ingredient",
    "pk": 17,
    "fields": {
      "created_at": null,
      "updated_at": "2022-08-28T21:00:53.222Z",
      "energy_kj": 656.0,
      "protein_g": 2.0,
      "fat_g": 14.66,
      "saturated_fatty_acids_g": 2.126,
      "sugar_g": 0.66,
      "sodium_mg": 7.0,
      "fruit_factor": 0.0,
      "carbohydrate_g": 8.53,
      "fibre_g": 6.7,
      "name": "Avocardo-Fleisch",
      "description": "",
      "physical_density": 1.3,
      "physical_viscosity": "solid",
      "fdc_id": 171705,
      "nutri_points": -3,
      "nutri_class": 1.0,
      "ndb_number": 9037,
      "major_class": "Fruits and Fruit Juices",
      "tags": []
    }
  },
  {
    "model": "food.ingredient",
    "pk": 18,
    "fields": {
      "created_at": null,
      "updated_at": "2022-08-28T21:00:53.223Z",
      "energy_kj": 0.0,
      "protein_g": 0.0,
      "fat_g": 0.0,
      "saturated_fatty_acids_g": 15.4,
      "sugar_g": 0.0,
      "sodium_mg": 0.0,
      "fruit_factor": 0.0,
      "carbohydrate_g": 0.0,
      "fibre_g": 0.0,
      "name": "Olivenöl",
      "description": "",
      "physical_density": 0.8,
      "physical_viscosity": "solid",
      "fdc_id": 748608,
      "nutri_points": 10,
      "nutri_class": 3.0,
      "ndb_number": 4063,
      "major_class": "Fats and Oils",
      "tags": []
    }
  },
  {
    "model": "food.ingredient",
    "pk": 19,
    "fields": {
      "created_at": null,
      "updated_at": "2022-08-28T21:00:53.224Z",
      "energy_kj": 94.0,
      "protein_g": 3.15,
      "fat_g": 0.64,
      "saturated_fatty_acids_g": 0.041,
      "sugar_g": 0.3,
      "sodium_mg": 4.0,
      "fruit_factor": 0.0,
      "carbohydrate_g": 2.65,
      "fibre_g": 1.6,
      "name": "Basilikum Blatt",
      "description": "",
      "physical_density": 1.5,
      "physical_viscosity": "solid",
      "fdc_id": 172232,
      "nutri_points": -2,
      "nutri_class": 1.0,
      "ndb_number": 2044,
      "major_class": "Spices and Herbs",
      "tags": []
    }
  },
  {
    "model": "food.ingredient",
    "pk": 20,
    "fields": {
      "created_at": null,
      "updated_at": "2022-08-28T21:00:53.224Z",
      "energy_kj": 2497.0,
      "protein_g": 12.12,
      "fat_g": 53.03,
      "saturated_fatty_acids_g": 10.606,
      "sugar_g": 9.09,
      "sodium_mg": 295.0,
      "fruit_factor": 0.0,
      "carbohydrate_g": 30.3,
      "fibre_g": 3.0,
      "name": "Cashewmus",
      "description": "",
      "physical_density": 1.5,
      "physical_viscosity": "solid",
      "fdc_id": 168597,
      "nutri_points": 14,
      "nutri_class": 4.0,
      "ndb_number": 12588,
      "major_class": "Nut and Seed Products",
      "tags": []
    }
  },
  {
    "model": "food.ingredient",
    "pk": 21,
    "fields": {
      "created_at": null,
      "updated_at": "2022-08-28T21:00:53.225Z",
      "energy_kj": 144.0,
      "protein_g": 0.89,
      "fat_g": 0.13,
      "saturated_fatty_acids_g": 0.0,
      "sugar_g": 0.0,
      "sodium_mg": 2.0,
      "fruit_factor": 0.0,
      "carbohydrate_g": 7.68,
      "fibre_g": 1.2,
      "name": "Zwiebeln",
      "description": "",
      "physical_density": 1.5,
      "physical_viscosity": "solid",
      "fdc_id": 1104962,
      "nutri_points": -1,
      "nutri_class": 1.0,
      "ndb_number": 100255,
      "major_class": "Vegetables and Vegetable Products",
      "tags": []
    }
  },
  {
    "model": "food.ingredient",
    "pk": 22,
    "fields": {
      "created_at": null,
      "updated_at": "2022-08-28T21:00:53.226Z",
      "energy_kj": 1726.0,
      "protein_g": 29.6,
      "fat_g": 28.0,
      "saturated_fatty_acids_g": 15.5,
      "sugar_g": 0.0,
      "sodium_mg": 1750.0,
      "fruit_factor": 0.0,
      "carbohydrate_g": 12.4,
      "fibre_g": 0.0,
      "name": "Parmesan",
      "description": "",
      "physical_density": 2.0,
      "physical_viscosity": "solid",
      "fdc_id": 325036,
      "nutri_points": 20,
      "nutri_class": 5.0,
      "ndb_number": 1032,
      "major_class": "Dairy and Egg Products",
      "tags": []
    }
  },
  {
    "model": "food.ingredient",
    "pk": 23,
    "fields": {
      "created_at": null,
      "updated_at": "2022-08-28T21:00:53.226Z",
      "energy_kj": 586.0,
      "protein_g": 6.62,
      "fat_g": 0.38,
      "saturated_fatty_acids_g": 0.0,
      "sugar_g": 0.0,
      "sodium_mg": 0.0,
      "fruit_factor": 0.0,
      "carbohydrate_g": 28.2,
      "fibre_g": 2.7,
      "name": "Knoblauch",
      "description": "",
      "physical_density": 2.0,
      "physical_viscosity": "solid",
      "fdc_id": 1104647,
      "nutri_points": 0,
      "nutri_class": 2.0,
      "ndb_number": 11215,
      "major_class": "Vegetables and Vegetable Products",
      "tags": []
    }
  },
  {
    "model": "food.ingredient",
    "pk": 24,
    "fields": {
      "created_at": "2022-08-19T23:01:55.958Z",
      "updated_at": "2022-08-28T21:00:53.227Z",
      "energy_kj": 152.0,
      "protein_g": 0.07,
      "fat_g": 0.02,
      "saturated_fatty_acids_g": 0.0,
      "sugar_g": 8.97,
      "sodium_mg": 4.0,
      "fruit_factor": 0.0,
      "carbohydrate_g": 9.56,
      "fibre_g": 0.0,
      "name": "Coca Cola",
      "description": "",
      "physical_density": 1.0,
      "physical_viscosity": "beverage",
      "fdc_id": 175093,
      "nutri_points": 12,
      "nutri_class": 4.0,
      "ndb_number": 14400,
      "major_class": "Beverages",
      "tags": [5]
    }
  },
  {
    "model": "food.ingredient",
    "pk": 25,
    "fields": {
      "created_at": "2022-08-20T08:07:49.950Z",
      "updated_at": "2022-08-28T21:00:53.228Z",
      "energy_kj": 2239.0,
      "protein_g": 4.88,
      "fat_g": 31.28,
      "saturated_fatty_acids_g": 18.519,
      "sugar_g": 47.9,
      "sodium_mg": 24.0,
      "fruit_factor": 0.0,
      "carbohydrate_g": 61.17,
      "fibre_g": 7.0,
      "name": "Schokolade 45%",
      "description": "",
      "physical_density": 1.3,
      "physical_viscosity": "solid",
      "fdc_id": 170271,
      "nutri_points": 18,
      "nutri_class": 4.0,
      "ndb_number": 19902,
      "major_class": "Sweets",
      "tags": []
    }
  },
  {
    "model": "food.ingredient",
    "pk": 26,
    "fields": {
      "created_at": "2022-08-20T08:10:32.945Z",
      "updated_at": "2022-08-28T21:00:53.228Z",
      "energy_kj": 1369.0,
      "protein_g": 20.75,
      "fat_g": 27.68,
      "saturated_fatty_acids_g": 17.41,
      "sugar_g": 0.45,
      "sodium_mg": 629.0,
      "fruit_factor": 0.0,
      "carbohydrate_g": 0.45,
      "fibre_g": 0.0,
      "name": "Brie",
      "description": "",
      "physical_density": 0.75,
      "physical_viscosity": "solid",
      "fdc_id": 172177,
      "nutri_points": 15,
      "nutri_class": 4.0,
      "ndb_number": 1006,
      "major_class": "Dairy and Egg Products",
      "tags": []
    }
  },
  {
    "model": "food.ingredient",
    "pk": 27,
    "fields": {
      "created_at": "2022-08-20T08:11:20.124Z",
      "updated_at": "2022-08-28T21:00:53.229Z",
      "energy_kj": 1230.0,
      "protein_g": 19.8,
      "fat_g": 24.26,
      "saturated_fatty_acids_g": 15.259,
      "sugar_g": 0.46,
      "sodium_mg": 842.0,
      "fruit_factor": 0.0,
      "carbohydrate_g": 0.46,
      "fibre_g": 0.0,
      "name": "Camenbert",
      "description": "Weichkäse",
      "physical_density": 0.75,
      "physical_viscosity": "solid",
      "fdc_id": 172178,
      "nutri_points": 17,
      "nutri_class": 4.0,
      "ndb_number": 1007,
      "major_class": "Dairy and Egg Products",
      "tags": []
    }
  },
  {
    "model": "food.ingredient",
    "pk": 28,
    "fields": {
      "created_at": "2022-08-20T08:12:01.163Z",
      "updated_at": "2022-08-28T21:00:53.230Z",
      "energy_kj": 1086.0,
      "protein_g": 14.21,
      "fat_g": 21.49,
      "saturated_fatty_acids_g": 13.3,
      "sugar_g": 0.0,
      "sodium_mg": 1139.0,
      "fruit_factor": 0.0,
      "carbohydrate_g": 3.88,
      "fibre_g": 0.0,
      "name": "Feta",
      "description": "",
      "physical_density": 0.75,
      "physical_viscosity": "solid",
      "fdc_id": 173420,
      "nutri_points": 18,
      "nutri_class": 4.0,
      "ndb_number": 1019,
      "major_class": "Dairy and Egg Products",
      "tags": []
    }
  },
  {
    "model": "food.ingredient",
    "pk": 29,
    "fields": {
      "created_at": "2022-08-20T08:12:33.356Z",
      "updated_at": "2022-08-28T21:00:53.230Z",
      "energy_kj": 1460.0,
      "protein_g": 24.94,
      "fat_g": 27.44,
      "saturated_fatty_acids_g": 17.614,
      "sugar_g": 2.22,
      "sodium_mg": 819.0,
      "fruit_factor": 0.0,
      "carbohydrate_g": 2.22,
      "fibre_g": 0.0,
      "name": "Gauda",
      "description": "Käse",
      "physical_density": 1.0,
      "physical_viscosity": "solid",
      "fdc_id": 171241,
      "nutri_points": 18,
      "nutri_class": 4.0,
      "ndb_number": 1022,
      "major_class": "Dairy and Egg Products",
      "tags": []
    }
  },
  {
    "model": "food.ingredient",
    "pk": 30,
    "fields": {
      "created_at": "2022-08-20T08:17:12.601Z",
      "updated_at": "2022-08-28T21:00:53.231Z",
      "energy_kj": 41.0,
      "protein_g": 0.59,
      "fat_g": 0.16,
      "saturated_fatty_acids_g": 0.078,
      "sugar_g": 1.38,
      "sodium_mg": 2.0,
      "fruit_factor": 0.0,
      "carbohydrate_g": 2.16,
      "fibre_g": 0.7,
      "name": "Gemüsegurke",
      "description": "",
      "physical_density": 1.0,
      "physical_viscosity": "solid",
      "fdc_id": 169225,
      "nutri_points": 0,
      "nutri_class": 2.0,
      "ndb_number": 11206,
      "major_class": "Vegetables and Vegetable Products",
      "tags": []
    }
  },
  {
    "model": "food.ingredient",
    "pk": 31,
    "fields": {
      "created_at": "2022-08-20T08:19:47.408Z",
      "updated_at": "2022-08-28T21:00:53.231Z",
      "energy_kj": 402.0,
      "protein_g": 11.12,
      "fat_g": 4.3,
      "saturated_fatty_acids_g": 1.718,
      "sugar_g": 2.67,
      "sodium_mg": 315.0,
      "fruit_factor": 0.0,
      "carbohydrate_g": 3.38,
      "fibre_g": 0.0,
      "name": "Quark",
      "description": "mit Fett",
      "physical_density": 1.0,
      "physical_viscosity": "solid",
      "fdc_id": 172179,
      "nutri_points": 0,
      "nutri_class": 2.0,
      "ndb_number": 1012,
      "major_class": "Dairy and Egg Products",
      "tags": []
    }
  },
  {
    "model": "food.ingredient",
    "pk": 32,
    "fields": {
      "created_at": "2022-08-20T08:23:22.508Z",
      "updated_at": "2022-08-28T21:00:53.232Z",
      "energy_kj": 250.0,
      "protein_g": 3.47,
      "fat_g": 3.25,
      "saturated_fatty_acids_g": 2.096,
      "sugar_g": 4.66,
      "sodium_mg": 46.0,
      "fruit_factor": 0.0,
      "carbohydrate_g": 4.66,
      "fibre_g": 0.0,
      "name": "Joghurt",
      "description": "normal, Vollmilch",
      "physical_density": 1.0,
      "physical_viscosity": "solid",
      "fdc_id": 171284,
      "nutri_points": 1,
      "nutri_class": 2.0,
      "ndb_number": 1116,
      "major_class": "Dairy and Egg Products",
      "tags": []
    }
  },
  {
    "model": "food.ingredient",
    "pk": 33,
    "fields": {
      "created_at": "2022-08-20T08:27:00.831Z",
      "updated_at": "2022-08-28T21:00:53.232Z",
      "energy_kj": 2788.0,
      "protein_g": 0.96,
      "fat_g": 74.85,
      "saturated_fatty_acids_g": 11.703,
      "sugar_g": 0.57,
      "sodium_mg": 635.0,
      "fruit_factor": 0.0,
      "carbohydrate_g": 0.57,
      "fibre_g": 0.0,
      "name": "Mayonnaise",
      "description": "",
      "physical_density": 1.0,
      "physical_viscosity": "solid",
      "fdc_id": 171009,
      "nutri_points": 25,
      "nutri_class": 5.0,
      "ndb_number": 4025,
      "major_class": "Fats and Oils",
      "tags": []
    }
  },
  {
    "model": "food.ingredient",
    "pk": 34,
    "fields": {
      "created_at": "2022-08-20T08:35:15.012Z",
      "updated_at": "2022-08-28T21:00:53.233Z",
      "energy_kj": 976.0,
      "protein_g": 0.37,
      "fat_g": 22.22,
      "saturated_fatty_acids_g": 3.446,
      "sugar_g": 3.56,
      "sodium_mg": 827.0,
      "fruit_factor": 0.0,
      "carbohydrate_g": 9.23,
      "fibre_g": 0.0,
      "name": "Mayonnaise, fettzuduziert",
      "description": "",
      "physical_density": 1.0,
      "physical_viscosity": "solid",
      "fdc_id": 173594,
      "nutri_points": 14,
      "nutri_class": 4.0,
      "ndb_number": 4641,
      "major_class": "Fats and Oils",
      "tags": []
    }
  },
  {
    "model": "food.ingredient",
    "pk": 35,
    "fields": {
      "created_at": "2022-08-20T08:51:59.990Z",
      "updated_at": "2022-08-28T21:00:53.234Z",
      "energy_kj": 1517.0,
      "protein_g": 15.1,
      "fat_g": 2.73,
      "saturated_fatty_acids_g": 0.0,
      "sugar_g": 0.0,
      "sodium_mg": 3.0,
      "fruit_factor": 0.0,
      "carbohydrate_g": 71.2,
      "fibre_g": 10.6,
      "name": "Vollkorn Weizenmehl",
      "description": "",
      "physical_density": 1.0,
      "physical_viscosity": "solid",
      "fdc_id": 790085,
      "nutri_points": -6,
      "nutri_class": 1.0,
      "ndb_number": 20080,
      "major_class": "Cereal Grains and Pasta",
      "tags": []
    }
  },
  {
    "model": "food.ingredient",
    "pk": 36,
    "fields": {
      "created_at": "2022-08-20T08:57:19.540Z",
      "updated_at": "2022-08-28T21:00:53.234Z",
      "energy_kj": 1488.0,
      "protein_g": 14.3,
      "fat_g": 1.65,
      "saturated_fatty_acids_g": 0.0,
      "sugar_g": 0.0,
      "sodium_mg": 3.0,
      "fruit_factor": 0.0,
      "carbohydrate_g": 72.8,
      "fibre_g": 0.0,
      "name": "Weizenmehl",
      "description": "",
      "physical_density": 1.0,
      "physical_viscosity": "solid",
      "fdc_id": 790146,
      "nutri_points": -1,
      "nutri_class": 1.0,
      "ndb_number": 20083,
      "major_class": "Cereal Grains and Pasta",
      "tags": []
    }
  },
  {
    "model": "food.ingredient",
    "pk": 37,
    "fields": {
      "created_at": "2022-08-20T17:37:10.240Z",
      "updated_at": "2022-08-28T21:00:53.235Z",
      "energy_kj": 0.0,
      "protein_g": 0.0,
      "fat_g": 82.2,
      "saturated_fatty_acids_g": 45.6,
      "sugar_g": 0.0,
      "sodium_mg": 524.0,
      "fruit_factor": 0.0,
      "carbohydrate_g": 0.0,
      "fibre_g": 0.0,
      "name": "Butter, gesalzen",
      "description": "",
      "physical_density": 1.0,
      "physical_viscosity": "solid",
      "fdc_id": 790508,
      "nutri_points": 15,
      "nutri_class": 4.0,
      "ndb_number": 1001,
      "major_class": "Dairy and Egg Products",
      "tags": []
    }
  },
  {
    "model": "food.ingredient",
    "pk": 38,
    "fields": {
      "created_at": "2022-08-20T17:38:50.839Z",
      "updated_at": "2022-08-28T21:00:53.235Z",
      "energy_kj": 1673.0,
      "protein_g": 23.3,
      "fat_g": 34.0,
      "saturated_fatty_acids_g": 19.2,
      "sugar_g": 0.0,
      "sodium_mg": 654.0,
      "fruit_factor": 0.0,
      "carbohydrate_g": 2.44,
      "fibre_g": 0.0,
      "name": "Cheddar Käse",
      "description": "",
      "physical_density": 1.0,
      "physical_viscosity": "solid",
      "fdc_id": 328637,
      "nutri_points": 16,
      "nutri_class": 4.0,
      "ndb_number": 1009,
      "major_class": "Dairy and Egg Products",
      "tags": []
    }
  },
  {
    "model": "food.ingredient",
    "pk": 39,
    "fields": {
      "created_at": "2022-08-20T17:40:01.434Z",
      "updated_at": "2022-08-28T21:00:53.236Z",
      "energy_kj": 246.0,
      "protein_g": 3.27,
      "fat_g": 3.2,
      "saturated_fatty_acids_g": 1.86,
      "sugar_g": 0.0,
      "sodium_mg": 38.0,
      "fruit_factor": 0.0,
      "carbohydrate_g": 4.63,
      "fibre_g": 0.0,
      "name": "Milch",
      "description": "",
      "physical_density": 1.0,
      "physical_viscosity": "solid",
      "fdc_id": 746782,
      "nutri_points": -1,
      "nutri_class": 1.0,
      "ndb_number": 1077,
      "major_class": "Dairy and Egg Products",
      "tags": []
    }
  },
  {
    "model": "food.ingredient",
    "pk": 40,
    "fields": {
      "created_at": "2022-08-20T17:41:08.394Z",
      "updated_at": "2022-08-28T21:00:53.237Z",
      "energy_kj": 176.0,
      "protein_g": 3.38,
      "fat_g": 0.95,
      "saturated_fatty_acids_g": 0.568,
      "sugar_g": 0.0,
      "sodium_mg": 39.0,
      "fruit_factor": 0.0,
      "carbohydrate_g": 5.18,
      "fibre_g": 0.0,
      "name": "Milch, fettarm",
      "description": "",
      "physical_density": 1.0,
      "physical_viscosity": "solid",
      "fdc_id": 746772,
      "nutri_points": -2,
      "nutri_class": 1.0,
      "ndb_number": 1082,
      "major_class": "Dairy and Egg Products",
      "tags": []
    }
  },
  {
    "model": "food.ingredient",
    "pk": 41,
    "fields": {
      "created_at": "2022-08-20T17:41:49.500Z",
      "updated_at": "2022-08-28T21:00:53.237Z",
      "energy_kj": 607.0,
      "protein_g": 12.4,
      "fat_g": 9.96,
      "saturated_fatty_acids_g": 3.2,
      "sugar_g": 0.0,
      "sodium_mg": 129.0,
      "fruit_factor": 0.0,
      "carbohydrate_g": 0.96,
      "fibre_g": 0.0,
      "name": "Ei",
      "description": "",
      "physical_density": 1.0,
      "physical_viscosity": "solid",
      "fdc_id": 748967,
      "nutri_points": 0,
      "nutri_class": 2.0,
      "ndb_number": 1123,
      "major_class": "Dairy and Egg Products",
      "tags": []
    }
  },
  {
    "model": "food.ingredient",
    "pk": 42,
    "fields": {
      "created_at": "2022-08-20T17:43:02.611Z",
      "updated_at": "2022-08-28T21:00:53.238Z",
      "energy_kj": 250.0,
      "protein_g": 4.25,
      "fat_g": 3.38,
      "saturated_fatty_acids_g": 0.252,
      "sugar_g": 0.0,
      "sodium_mg": 1100.0,
      "fruit_factor": 0.0,
      "carbohydrate_g": 5.3,
      "fibre_g": 4.3,
      "name": "Senf",
      "description": "",
      "physical_density": 1.0,
      "physical_viscosity": "solid",
      "fdc_id": 326698,
      "nutri_points": 4,
      "nutri_class": 3.0,
      "ndb_number": 2046,
      "major_class": "Spices and Herbs",
      "tags": []
    }
  },
  {
    "model": "food.ingredient",
    "pk": 43,
    "fields": {
      "created_at": "2022-08-20T17:44:12.962Z",
      "updated_at": "2022-08-28T21:00:53.238Z",
      "energy_kj": 0.0,
      "protein_g": 0.0,
      "fat_g": 0.0,
      "saturated_fatty_acids_g": 6.61,
      "sugar_g": 0.0,
      "sodium_mg": 0.0,
      "fruit_factor": 0.0,
      "carbohydrate_g": 0.0,
      "fibre_g": 0.0,
      "name": "Öl, Raps",
      "description": "",
      "physical_density": 1.0,
      "physical_viscosity": "solid",
      "fdc_id": 748278,
      "nutri_points": 6,
      "nutri_class": 3.0,
      "ndb_number": 4582,
      "major_class": "Fats and Oils",
      "tags": []
    }
  },
  {
    "model": "food.ingredient",
    "pk": 44,
    "fields": {
      "created_at": "2022-08-20T17:45:04.579Z",
      "updated_at": "2022-08-28T21:00:53.239Z",
      "energy_kj": 681.0,
      "protein_g": 32.1,
      "fat_g": 3.24,
      "saturated_fatty_acids_g": 1.01,
      "sugar_g": 0.0,
      "sodium_mg": 47.0,
      "fruit_factor": 0.0,
      "carbohydrate_g": 0.0,
      "fibre_g": 0.0,
      "name": "Hähnchenfleisch",
      "description": "",
      "physical_density": 1.0,
      "physical_viscosity": "solid",
      "fdc_id": 331960,
      "nutri_points": -2,
      "nutri_class": 1.0,
      "ndb_number": 5746,
      "major_class": "Poultry Products",
      "tags": []
    }
  },
  {
    "model": "food.ingredient",
    "pk": 45,
    "fields": {
      "created_at": "2022-08-20T17:45:52.223Z",
      "updated_at": "2022-08-28T21:00:53.239Z",
      "energy_kj": 496.0,
      "protein_g": 19.6,
      "fat_g": 3.68,
      "saturated_fatty_acids_g": 1.25,
      "sugar_g": 0.0,
      "sodium_mg": 1030.0,
      "fruit_factor": 0.0,
      "carbohydrate_g": 2.36,
      "fibre_g": 0.0,
      "name": "Schinken",
      "description": "",
      "physical_density": 1.0,
      "physical_viscosity": "solid",
      "fdc_id": 746952,
      "nutri_points": 7,
      "nutri_class": 3.0,
      "ndb_number": 7129,
      "major_class": "Pork Products",
      "tags": []
    }
  },
  {
    "model": "food.ingredient",
    "pk": 46,
    "fields": {
      "created_at": "2022-08-20T17:46:07.203Z",
      "updated_at": "2022-08-28T21:00:53.240Z",
      "energy_kj": 398.0,
      "protein_g": 0.74,
      "fat_g": 0.29,
      "saturated_fatty_acids_g": 0.0,
      "sugar_g": 0.0,
      "sodium_mg": 0.0,
      "fruit_factor": 0.0,
      "carbohydrate_g": 23.0,
      "fibre_g": 1.7,
      "name": "Banane",
      "description": "",
      "physical_density": 1.0,
      "physical_viscosity": "solid",
      "fdc_id": 1105314,
      "nutri_points": 0,
      "nutri_class": 2.0,
      "ndb_number": 9040,
      "major_class": "Fruits and Fruit Juices",
      "tags": []
    }
  },
  {
    "model": "food.ingredient",
    "pk": 47,
    "fields": {
      "created_at": "2022-08-20T17:46:53.938Z",
      "updated_at": "2022-08-28T21:00:53.241Z",
      "energy_kj": 1021.0,
      "protein_g": 3.3,
      "fat_g": 0.92,
      "saturated_fatty_acids_g": 0.0,
      "sugar_g": 0.0,
      "sodium_mg": 10.0,
      "fruit_factor": 0.0,
      "carbohydrate_g": 63.9,
      "fibre_g": 9.8,
      "name": "Feige",
      "description": "",
      "physical_density": 1.0,
      "physical_viscosity": "solid",
      "fdc_id": 746768,
      "nutri_points": -4,
      "nutri_class": 1.0,
      "ndb_number": 9094,
      "major_class": "Fruits and Fruit Juices",
      "tags": []
    }
  },
  {
    "model": "food.ingredient",
    "pk": 48,
    "fields": {
      "created_at": "2022-08-20T17:47:49.031Z",
      "updated_at": "2022-08-28T21:00:53.241Z",
      "energy_kj": 258.0,
      "protein_g": 0.703125,
      "fat_g": 0.3063,
      "saturated_fatty_acids_g": 0.0,
      "sugar_g": 0.0,
      "sodium_mg": 0.0,
      "fruit_factor": 0.0,
      "carbohydrate_g": 14.571775,
      "fibre_g": 0.0,
      "name": "Blaubeere",
      "description": "",
      "physical_density": 1.0,
      "physical_viscosity": "solid",
      "fdc_id": 2263889,
      "nutri_points": 0,
      "nutri_class": 2.0,
      "ndb_number": 9050,
      "major_class": "Fruits and Fruit Juices",
      "tags": []
    }
  },
  {
    "model": "food.ingredient",
    "pk": 49,
    "fields": {
      "created_at": "2022-08-20T17:48:16.260Z",
      "updated_at": "2022-08-28T21:00:53.242Z",
      "energy_kj": 238.0,
      "protein_g": 1.06,
      "fat_g": 0.44,
      "saturated_fatty_acids_g": 0.0,
      "sugar_g": 0.0,
      "sodium_mg": 5.0,
      "fruit_factor": 0.0,
      "carbohydrate_g": 14.0,
      "fibre_g": 3.0,
      "name": "Kiwi",
      "description": "",
      "physical_density": 1.0,
      "physical_viscosity": "solid",
      "fdc_id": 327046,
      "nutri_points": -3,
      "nutri_class": 1.0,
      "ndb_number": 9148,
      "major_class": "Fruits and Fruit Juices",
      "tags": []
    }
  },
  {
    "model": "food.ingredient",
    "pk": 50,
    "fields": {
      "created_at": "2022-08-20T17:48:45.615Z",
      "updated_at": "2022-08-28T21:00:53.242Z",
      "energy_kj": 139.0,
      "protein_g": 0.82,
      "fat_g": 0.18,
      "saturated_fatty_acids_g": 0.0,
      "sugar_g": 0.0,
      "sodium_mg": 30.0,
      "fruit_factor": 0.0,
      "carbohydrate_g": 8.16,
      "fibre_g": 0.8,
      "name": "Melone",
      "description": "",
      "physical_density": 1.0,
      "physical_viscosity": "solid",
      "fdc_id": 746770,
      "nutri_points": 0,
      "nutri_class": 2.0,
      "ndb_number": 9181,
      "major_class": "Fruits and Fruit Juices",
      "tags": []
    }
  },
  {
    "model": "food.ingredient",
    "pk": 51,
    "fields": {
      "created_at": "2022-08-20T17:49:11.261Z",
      "updated_at": "2022-08-28T21:00:53.243Z",
      "energy_kj": 189.0,
      "protein_g": 0.8125,
      "fat_g": 0.3563,
      "saturated_fatty_acids_g": 0.0,
      "sugar_g": 0.0,
      "sodium_mg": 0.075,
      "fruit_factor": 0.0,
      "carbohydrate_g": 10.0124,
      "fibre_g": 0.0,
      "name": "Orangensaft, frisch",
      "description": "",
      "physical_density": 1.0,
      "physical_viscosity": "solid",
      "fdc_id": 2003597,
      "nutri_points": 0,
      "nutri_class": 2.0,
      "ndb_number": 9206,
      "major_class": "Fruits and Fruit Juices",
      "tags": []
    }
  },
  {
    "model": "food.ingredient",
    "pk": 52,
    "fields": {
      "created_at": "2022-08-20T17:49:30.512Z",
      "updated_at": "2022-08-28T21:00:53.243Z",
      "energy_kj": 193.0,
      "protein_g": 0.91,
      "fat_g": 0.15,
      "saturated_fatty_acids_g": 0.0,
      "sugar_g": 0.0,
      "sodium_mg": 9.0,
      "fruit_factor": 0.0,
      "carbohydrate_g": 11.8,
      "fibre_g": 2.0,
      "name": "Orange",
      "description": "",
      "physical_density": 1.0,
      "physical_viscosity": "solid",
      "fdc_id": 746771,
      "nutri_points": -2,
      "nutri_class": 1.0,
      "ndb_number": 9202,
      "major_class": "Fruits and Fruit Juices",
      "tags": []
    }
  },
  {
    "model": "food.ingredient",
    "pk": 53,
    "fields": {
      "created_at": "2022-08-20T17:50:05.153Z",
      "updated_at": "2022-08-28T21:00:53.244Z",
      "energy_kj": 160.0,
      "protein_g": 1.06,
      "fat_g": 0.28,
      "saturated_fatty_acids_g": 0.0,
      "sugar_g": 0.0,
      "sodium_mg": 13.0,
      "fruit_factor": 0.0,
      "carbohydrate_g": 9.18,
      "fibre_g": 1.5,
      "name": "Nektarine",
      "description": "",
      "physical_density": 1.0,
      "physical_viscosity": "solid",
      "fdc_id": 327357,
      "nutri_points": -1,
      "nutri_class": 1.0,
      "ndb_number": 9191,
      "major_class": "Fruits and Fruit Juices",
      "tags": []
    }
  },
  {
    "model": "food.ingredient",
    "pk": 54,
    "fields": {
      "created_at": "2022-08-20T17:50:47.113Z",
      "updated_at": "2022-08-28T21:00:53.245Z",
      "energy_kj": 234.0,
      "protein_g": 0.38,
      "fat_g": 0.16,
      "saturated_fatty_acids_g": 0.0,
      "sugar_g": 0.0,
      "sodium_mg": 7.0,
      "fruit_factor": 0.0,
      "carbohydrate_g": 15.1,
      "fibre_g": 3.1,
      "name": "Birne",
      "description": "",
      "physical_density": 1.0,
      "physical_viscosity": "solid",
      "fdc_id": 746773,
      "nutri_points": -3,
      "nutri_class": 1.0,
      "ndb_number": 9412,
      "major_class": "Fruits and Fruit Juices",
      "tags": []
    }
  },
  {
    "model": "food.ingredient",
    "pk": 55,
    "fields": {
      "created_at": "2022-08-20T17:50:59.912Z",
      "updated_at": "2022-08-28T21:00:53.245Z",
      "energy_kj": 197.0,
      "protein_g": 0.0859375,
      "fat_g": 0.2863,
      "saturated_fatty_acids_g": 0.0,
      "sugar_g": 0.0,
      "sodium_mg": 4.872,
      "fruit_factor": 0.0,
      "carbohydrate_g": 11.3639625,
      "fibre_g": 0.0,
      "name": "Apfelsaft",
      "description": "",
      "physical_density": 1.0,
      "physical_viscosity": "solid",
      "fdc_id": 2003590,
      "nutri_points": 0,
      "nutri_class": 2.0,
      "ndb_number": 9400,
      "major_class": "Fruits and Fruit Juices",
      "tags": []
    }
  },
  {
    "model": "food.ingredient",
    "pk": 56,
    "fields": {
      "created_at": "2022-08-20T17:51:36.693Z",
      "updated_at": "2022-08-28T21:00:53.246Z",
      "energy_kj": 148.0,
      "protein_g": 0.640625,
      "fat_g": 0.22,
      "saturated_fatty_acids_g": 0.0,
      "sugar_g": 0.0,
      "sodium_mg": 0.0,
      "fruit_factor": 0.0,
      "carbohydrate_g": 7.964375,
      "fibre_g": 0.0,
      "name": "Erdbeere",
      "description": "",
      "physical_density": 1.0,
      "physical_viscosity": "solid",
      "fdc_id": 2263887,
      "nutri_points": 0,
      "nutri_class": 2.0,
      "ndb_number": 9316,
      "major_class": "Fruits and Fruit Juices",
      "tags": []
    }
  },
  {
    "model": "food.ingredient",
    "pk": 57,
    "fields": {
      "created_at": "2022-08-20T17:51:54.695Z",
      "updated_at": "2022-08-28T21:00:53.246Z",
      "energy_kj": 234.0,
      "protein_g": 1.008125,
      "fat_g": 0.1875,
      "saturated_fatty_acids_g": 0.0,
      "sugar_g": 0.0,
      "sodium_mg": 0.0,
      "fruit_factor": 0.0,
      "carbohydrate_g": 12.904375,
      "fibre_g": 0.0,
      "name": "Himbeere",
      "description": "",
      "physical_density": 1.0,
      "physical_viscosity": "solid",
      "fdc_id": 2263888,
      "nutri_points": 0,
      "nutri_class": 2.0,
      "ndb_number": 9302,
      "major_class": "Fruits and Fruit Juices",
      "tags": []
    }
  },
  {
    "model": "food.ingredient",
    "pk": 58,
    "fields": {
      "created_at": "2022-08-20T17:51:54.910Z",
      "updated_at": "2022-08-28T21:00:53.247Z",
      "energy_kj": 234.0,
      "protein_g": 1.008125,
      "fat_g": 0.1875,
      "saturated_fatty_acids_g": 0.0,
      "sugar_g": 0.0,
      "sodium_mg": 0.0,
      "fruit_factor": 0.0,
      "carbohydrate_g": 12.904375,
      "fibre_g": 0.0,
      "name": "Himbeere",
      "description": "",
      "physical_density": 1.0,
      "physical_viscosity": "solid",
      "fdc_id": 2263888,
      "nutri_points": 0,
      "nutri_class": 2.0,
      "ndb_number": 9302,
      "major_class": "Fruits and Fruit Juices",
      "tags": []
    }
  },
  {
    "model": "food.ingredient",
    "pk": 59,
    "fields": {
      "created_at": "2022-08-20T17:52:28.439Z",
      "updated_at": "2022-08-28T21:00:53.248Z",
      "energy_kj": 172.0,
      "protein_g": 0.91,
      "fat_g": 0.27,
      "saturated_fatty_acids_g": 0.0,
      "sugar_g": 0.0,
      "sodium_mg": 13.0,
      "fruit_factor": 0.0,
      "carbohydrate_g": 10.1,
      "fibre_g": 1.5,
      "name": "Pfirsich",
      "description": "",
      "physical_density": 1.0,
      "physical_viscosity": "solid",
      "fdc_id": 325430,
      "nutri_points": -1,
      "nutri_class": 1.0,
      "ndb_number": 9236,
      "major_class": "Fruits and Fruit Juices",
      "tags": []
    }
  },
  {
    "model": "food.ingredient",
    "pk": 60,
    "fields": {
      "created_at": "2022-08-20T17:54:25.372Z",
      "updated_at": "2022-08-28T21:00:53.249Z",
      "energy_kj": 144.0,
      "protein_g": 2.92,
      "fat_g": 1.49,
      "saturated_fatty_acids_g": 0.0,
      "sugar_g": 0.0,
      "sodium_mg": 53.0,
      "fruit_factor": 0.0,
      "carbohydrate_g": 4.42,
      "fibre_g": 4.1,
      "name": "Grünkohl",
      "description": "",
      "physical_density": 1.0,
      "physical_viscosity": "solid",
      "fdc_id": 323505,
      "nutri_points": -5,
      "nutri_class": 1.0,
      "ndb_number": 11233,
      "major_class": "Vegetables and Vegetable Products",
      "tags": []
    }
  },
  {
    "model": "food.ingredient",
    "pk": 61,
    "fields": {
      "created_at": "2022-08-20T17:55:11.509Z",
      "updated_at": "2022-08-28T21:00:53.249Z",
      "energy_kj": 193.0,
      "protein_g": 0.94125,
      "fat_g": 0.3506,
      "saturated_fatty_acids_g": 0.0,
      "sugar_g": 0.0,
      "sodium_mg": 86.65,
      "fruit_factor": 0.0,
      "carbohydrate_g": 10.26755,
      "fibre_g": 3.095,
      "name": "Möhre",
      "description": "",
      "physical_density": 1.0,
      "physical_viscosity": "solid",
      "fdc_id": 2258586,
      "nutri_points": -3,
      "nutri_class": 1.0,
      "ndb_number": 11124,
      "major_class": "Vegetables and Vegetable Products",
      "tags": []
    }
  },
  {
    "model": "food.ingredient",
    "pk": 62,
    "fields": {
      "created_at": "2022-08-20T17:55:49.763Z",
      "updated_at": "2022-08-28T21:00:53.250Z",
      "energy_kj": 127.0,
      "protein_g": 2.57,
      "fat_g": 0.34,
      "saturated_fatty_acids_g": 0.039,
      "sugar_g": 0.0,
      "sodium_mg": 36.0,
      "fruit_factor": 0.0,
      "carbohydrate_g": 6.27,
      "fibre_g": 2.4,
      "name": "Brokolli",
      "description": "",
      "physical_density": 1.0,
      "physical_viscosity": "solid",
      "fdc_id": 747447,
      "nutri_points": -3,
      "nutri_class": 1.0,
      "ndb_number": 11090,
      "major_class": "Vegetables and Vegetable Products",
      "tags": []
    }
  },
  {
    "model": "food.ingredient",
    "pk": 63,
    "fields": {
      "created_at": "2022-08-20T17:56:22.144Z",
      "updated_at": "2022-08-28T21:00:53.250Z",
      "energy_kj": 86.0,
      "protein_g": 1.04,
      "fat_g": 0.39,
      "saturated_fatty_acids_g": 0.0,
      "sugar_g": 0.0,
      "sodium_mg": 282.0,
      "fruit_factor": 0.0,
      "carbohydrate_g": 4.11,
      "fibre_g": 0.0,
      "name": "Bohnen",
      "description": "",
      "physical_density": 1.0,
      "physical_viscosity": "solid",
      "fdc_id": 321611,
      "nutri_points": 3,
      "nutri_class": 3.0,
      "ndb_number": 11056,
      "major_class": "Vegetables and Vegetable Products",
      "tags": []
    }
  },
  {
    "model": "food.ingredient",
    "pk": 64,
    "fields": {
      "created_at": "2022-08-20T17:57:05.460Z",
      "updated_at": "2022-08-28T21:00:53.251Z",
      "energy_kj": 2050.0,
      "protein_g": 40.9,
      "fat_g": 36.5,
      "saturated_fatty_acids_g": 12.6,
      "sugar_g": 0.0,
      "sodium_mg": 1830.0,
      "fruit_factor": 0.0,
      "carbohydrate_g": 2.1,
      "fibre_g": 0.0,
      "name": "Speck",
      "description": "",
      "physical_density": 1.0,
      "physical_viscosity": "solid",
      "fdc_id": 749420,
      "nutri_points": 21,
      "nutri_class": 5.0,
      "ndb_number": 10896,
      "major_class": "Pork Products",
      "tags": []
    }
  },
  {
    "model": "food.ingredient",
    "pk": 65,
    "fields": {
      "created_at": "2022-08-20T17:57:41.902Z",
      "updated_at": "2022-08-28T21:00:53.252Z",
      "energy_kj": 533.0,
      "protein_g": 1.15,
      "fat_g": 12.9,
      "saturated_fatty_acids_g": 2.3,
      "sugar_g": 0.0,
      "sodium_mg": 1620.0,
      "fruit_factor": 0.0,
      "carbohydrate_g": 4.96,
      "fibre_g": 4.0,
      "name": "Oliven",
      "description": "",
      "physical_density": 1.0,
      "physical_viscosity": "solid",
      "fdc_id": 332791,
      "nutri_points": 9,
      "nutri_class": 3.0,
      "ndb_number": 9533,
      "major_class": "Fruits and Fruit Juices",
      "tags": []
    }
  },
  {
    "model": "food.ingredient",
    "pk": 66,
    "fields": {
      "created_at": "2022-08-20T17:58:11.965Z",
      "updated_at": "2022-08-28T21:00:53.252Z",
      "energy_kj": 180.0,
      "protein_g": 2.414375,
      "fat_g": 0.195,
      "saturated_fatty_acids_g": 0.0,
      "sugar_g": 0.0,
      "sodium_mg": 0.9363,
      "fruit_factor": 0.0,
      "carbohydrate_g": 8.170625,
      "fibre_g": 0.0,
      "name": "Champions",
      "description": "",
      "physical_density": 1.0,
      "physical_viscosity": "solid",
      "fdc_id": 1999628,
      "nutri_points": -1,
      "nutri_class": 1.0,
      "ndb_number": 11238,
      "major_class": "Vegetables and Vegetable Products",
      "tags": []
    }
  },
  {
    "model": "food.ingredient",
    "pk": 67,
    "fields": {
      "created_at": "2022-08-20T17:59:05.599Z",
      "updated_at": "2022-08-28T21:00:53.253Z",
      "energy_kj": 70.0,
      "protein_g": 1.24,
      "fat_g": 0.26,
      "saturated_fatty_acids_g": 0.0,
      "sugar_g": 0.0,
      "sodium_mg": 0.0,
      "fruit_factor": 0.0,
      "carbohydrate_g": 3.24,
      "fibre_g": 1.8,
      "name": "Kopfsalat",
      "description": "",
      "physical_density": 1.0,
      "physical_viscosity": "solid",
      "fdc_id": 746769,
      "nutri_points": -1,
      "nutri_class": 1.0,
      "ndb_number": 11251,
      "major_class": "Vegetables and Vegetable Products",
      "tags": []
    }
  },
  {
    "model": "food.ingredient",
    "pk": 68,
    "fields": {
      "created_at": "2022-08-20T18:00:27.749Z",
      "updated_at": "2022-08-28T21:00:53.253Z",
      "energy_kj": 90.0,
      "protein_g": 0.715,
      "fat_g": 0.1063,
      "saturated_fatty_acids_g": 0.0,
      "sugar_g": 0.0,
      "sodium_mg": 0.0,
      "fruit_factor": 0.0,
      "carbohydrate_g": 4.7781,
      "fibre_g": 0.9419,
      "name": "Paprika",
      "description": "",
      "physical_density": 1.0,
      "physical_viscosity": "solid",
      "fdc_id": 2258588,
      "nutri_points": -1,
      "nutri_class": 1.0,
      "ndb_number": 11333,
      "major_class": "Vegetables and Vegetable Products",
      "tags": []
    }
  },
  {
    "model": "food.ingredient",
    "pk": 69,
    "fields": {
      "created_at": "2022-08-20T18:01:40.140Z",
      "updated_at": "2022-08-28T21:00:53.254Z",
      "energy_kj": 111.0,
      "protein_g": 2.90625,
      "fat_g": 0.6044,
      "saturated_fatty_acids_g": 0.0,
      "sugar_g": 0.0,
      "sodium_mg": 106.6,
      "fruit_factor": 0.0,
      "carbohydrate_g": 2.64135,
      "fibre_g": 1.588,
      "name": "Spinat",
      "description": "",
      "physical_density": 1.0,
      "physical_viscosity": "solid",
      "fdc_id": 1999633,
      "nutri_points": -1,
      "nutri_class": 1.0,
      "ndb_number": 11457,
      "major_class": "Vegetables and Vegetable Products",
      "tags": []
    }
  },
  {
    "model": "food.ingredient",
    "pk": 70,
    "fields": {
      "created_at": "2022-08-20T18:01:54.569Z",
      "updated_at": "2022-08-28T21:00:53.255Z",
      "energy_kj": 94.0,
      "protein_g": 0.859375,
      "fat_g": 0.2875,
      "saturated_fatty_acids_g": 0.0,
      "sugar_g": 0.0,
      "sodium_mg": 235.6,
      "fruit_factor": 0.0,
      "carbohydrate_g": 4.320625,
      "fibre_g": 0.0,
      "name": "Tomatensaft",
      "description": "",
      "physical_density": 1.0,
      "physical_viscosity": "solid",
      "fdc_id": 2003596,
      "nutri_points": 2,
      "nutri_class": 2.0,
      "ndb_number": 11540,
      "major_class": "Fruits and Fruit Juices",
      "tags": []
    }
  },
  {
    "model": "food.ingredient",
    "pk": 71,
    "fields": {
      "created_at": "2022-08-20T18:02:47.940Z",
      "updated_at": "2022-08-28T21:00:53.255Z",
      "energy_kj": 49.0,
      "protein_g": 0.48,
      "fat_g": 0.43,
      "saturated_fatty_acids_g": 0.0,
      "sugar_g": 0.0,
      "sodium_mg": 808.0,
      "fruit_factor": 0.0,
      "carbohydrate_g": 1.99,
      "fibre_g": 1.0,
      "name": "Essiggurke",
      "description": "",
      "physical_density": 1.0,
      "physical_viscosity": "solid",
      "fdc_id": 324653,
      "nutri_points": 7,
      "nutri_class": 3.0,
      "ndb_number": 11937,
      "major_class": "Vegetables and Vegetable Products",
      "tags": []
    }
  },
  {
    "model": "food.ingredient",
    "pk": 72,
    "fields": {
      "created_at": "2022-08-20T18:03:07.573Z",
      "updated_at": "2022-08-28T21:00:53.256Z",
      "energy_kj": 480.0,
      "protein_g": 1.11,
      "fat_g": 0.55,
      "saturated_fatty_acids_g": 0.0,
      "sugar_g": 0.0,
      "sodium_mg": 949.0,
      "fruit_factor": 0.0,
      "carbohydrate_g": 26.8,
      "fibre_g": 0.0,
      "name": "Ketchup",
      "description": "",
      "physical_density": 1.0,
      "physical_viscosity": "solid",
      "fdc_id": 747693,
      "nutri_points": 11,
      "nutri_class": 4.0,
      "ndb_number": 11966,
      "major_class": "Vegetables and Vegetable Products",
      "tags": []
    }
  },
  {
    "model": "food.ingredient",
    "pk": 73,
    "fields": {
      "created_at": "2022-08-20T18:03:30.938Z",
      "updated_at": "2022-08-28T21:00:53.256Z",
      "energy_kj": 2644.0,
      "protein_g": 20.78734,
      "fat_g": 53.04,
      "saturated_fatty_acids_g": 4.253,
      "sugar_g": 0.0,
      "sodium_mg": 0.9963,
      "fruit_factor": 0.0,
      "carbohydrate_g": 21.23666,
      "fibre_g": 9.718,
      "name": "Mandelbutter",
      "description": "",
      "physical_density": 1.0,
      "physical_viscosity": "solid",
      "fdc_id": 2262074,
      "nutri_points": 1,
      "nutri_class": 2.0,
      "ndb_number": 12195,
      "major_class": "Nut and Seed Products",
      "tags": []
    }
  },
  {
    "model": "food.ingredient",
    "pk": 74,
    "fields": {
      "created_at": "2022-08-20T18:05:11.149Z",
      "updated_at": "2022-08-28T21:00:53.257Z",
      "energy_kj": 2234.0,
      "protein_g": 18.0359,
      "fat_g": 37.28,
      "saturated_fatty_acids_g": 3.281,
      "sugar_g": 0.0,
      "sodium_mg": 36.74,
      "fruit_factor": 0.0,
      "carbohydrate_g": 34.3551,
      "fibre_g": 23.13,
      "name": "Leinensamen",
      "description": "",
      "physical_density": 1.0,
      "physical_viscosity": "solid",
      "fdc_id": 2262075,
      "nutri_points": -1,
      "nutri_class": 1.0,
      "ndb_number": 12220,
      "major_class": "Nut and Seed Products",
      "tags": []
    }
  },
  {
    "model": "food.ingredient",
    "pk": 75,
    "fields": {
      "created_at": "2022-08-20T18:05:39.426Z",
      "updated_at": "2022-08-28T21:00:53.258Z",
      "energy_kj": 2509.0,
      "protein_g": 21.0,
      "fat_g": 56.1,
      "saturated_fatty_acids_g": 5.36,
      "sugar_g": 0.0,
      "sodium_mg": 532.0,
      "fruit_factor": 0.0,
      "carbohydrate_g": 17.1,
      "fibre_g": 10.3,
      "name": "Sonnenblumenkerne",
      "description": "",
      "physical_density": 1.0,
      "physical_viscosity": "solid",
      "fdc_id": 325524,
      "nutri_points": 7,
      "nutri_class": 3.0,
      "ndb_number": 12537,
      "major_class": "Nut and Seed Products",
      "tags": []
    }
  },
  {
    "model": "food.ingredient",
    "pk": 76,
    "fields": {
      "created_at": "2022-08-20T18:06:16.763Z",
      "updated_at": "2022-08-28T21:00:53.258Z",
      "energy_kj": 2542.0,
      "protein_g": 20.4,
      "fat_g": 57.8,
      "saturated_fatty_acids_g": 4.56,
      "sugar_g": 0.0,
      "sodium_mg": 256.0,
      "fruit_factor": 0.0,
      "carbohydrate_g": 16.2,
      "fibre_g": 11.0,
      "name": "Mandeln, geröstet",
      "description": "",
      "physical_density": 1.0,
      "physical_viscosity": "solid",
      "fdc_id": 323294,
      "nutri_points": 3,
      "nutri_class": 3.0,
      "ndb_number": 12563,
      "major_class": "Nut and Seed Products",
      "tags": []
    }
  },
  {
    "model": "food.ingredient",
    "pk": 77,
    "fields": {
      "created_at": "2022-08-20T18:06:55.708Z",
      "updated_at": "2022-08-28T21:00:53.259Z",
      "energy_kj": 594.0,
      "protein_g": 22.7,
      "fat_g": 5.32,
      "saturated_fatty_acids_g": 2.07,
      "sugar_g": 0.0,
      "sodium_mg": 43.0,
      "fruit_factor": 0.0,
      "carbohydrate_g": 0.0,
      "fibre_g": 0.0,
      "name": "Rindfleisch",
      "description": "",
      "physical_density": 1.0,
      "physical_viscosity": "solid",
      "fdc_id": 746762,
      "nutri_points": -2,
      "nutri_class": 1.0,
      "ndb_number": 13468,
      "major_class": "Beef Products",
      "tags": []
    }
  },
  {
    "model": "food.ingredient",
    "pk": 78,
    "fields": {
      "created_at": "2022-08-20T18:07:16.514Z",
      "updated_at": "2022-08-28T21:00:53.259Z",
      "energy_kj": 57.0,
      "protein_g": 0.5546875,
      "fat_g": 1.221,
      "saturated_fatty_acids_g": 0.1038,
      "sugar_g": 0.0,
      "sodium_mg": 59.58,
      "fruit_factor": 0.0,
      "carbohydrate_g": 0.3371125,
      "fibre_g": 0.0,
      "name": "Mandelmilch",
      "description": "",
      "physical_density": 1.0,
      "physical_viscosity": "beverage",
      "fdc_id": 1999631,
      "nutri_points": 2,
      "nutri_class": 2.0,
      "ndb_number": 14091,
      "major_class": "Beverages",
      "tags": []
    }
  },
  {
    "model": "food.ingredient",
    "pk": 79,
    "fields": {
      "created_at": "2022-08-20T18:07:58.594Z",
      "updated_at": "2022-08-28T21:00:53.260Z",
      "energy_kj": 303.0,
      "protein_g": 16.3,
      "fat_g": 0.45,
      "saturated_fatty_acids_g": 0.093,
      "sugar_g": 0.0,
      "sodium_mg": 213.0,
      "fruit_factor": 0.0,
      "carbohydrate_g": 0.0,
      "fibre_g": 0.0,
      "name": "Schellfisch",
      "description": "",
      "physical_density": 1.0,
      "physical_viscosity": "solid",
      "fdc_id": 333374,
      "nutri_points": -3,
      "nutri_class": 1.0,
      "ndb_number": 15033,
      "major_class": "Finfish and Shellfish Products",
      "tags": []
    }
  },
  {
    "model": "food.ingredient",
    "pk": 80,
    "fields": {
      "created_at": "2022-08-20T18:09:01.922Z",
      "updated_at": "2022-08-28T21:00:53.260Z",
      "energy_kj": 369.0,
      "protein_g": 19.0,
      "fat_g": 0.94,
      "saturated_fatty_acids_g": 0.224,
      "sugar_g": 0.0,
      "sodium_mg": 219.0,
      "fruit_factor": 0.0,
      "carbohydrate_g": 0.08,
      "fibre_g": 0.0,
      "name": "Thunfisch",
      "description": "",
      "physical_density": 1.0,
      "physical_viscosity": "solid",
      "fdc_id": 334194,
      "nutri_points": -2,
      "nutri_class": 1.0,
      "ndb_number": 15121,
      "major_class": "Finfish and Shellfish Products",
      "tags": []
    }
  },
  {
    "model": "food.ingredient",
    "pk": 81,
    "fields": {
      "created_at": "2022-08-20T18:09:58.079Z",
      "updated_at": "2022-08-28T21:00:53.261Z",
      "energy_kj": 2587.0,
      "protein_g": 23.99124,
      "fat_g": 49.43,
      "saturated_fatty_acids_g": 8.415,
      "sugar_g": 0.0,
      "sodium_mg": 220.7,
      "fruit_factor": 0.0,
      "carbohydrate_g": 22.70376,
      "fibre_g": 6.323,
      "name": "Erdnussbutter",
      "description": "",
      "physical_density": 1.0,
      "physical_viscosity": "solid",
      "fdc_id": 2262072,
      "nutri_points": 7,
      "nutri_class": 3.0,
      "ndb_number": 16098,
      "major_class": "Legumes and Legume Products",
      "tags": []
    }
  },
  {
    "model": "food.ingredient",
    "pk": 82,
    "fields": {
      "created_at": "2022-08-20T18:11:45.124Z",
      "updated_at": "2022-08-28T21:00:53.262Z",
      "energy_kj": 1488.0,
      "protein_g": 14.475,
      "fat_g": 2.543,
      "saturated_fatty_acids_g": 0.0,
      "sugar_g": 0.0,
      "sodium_mg": 0.0,
      "fruit_factor": 0.0,
      "carbohydrate_g": 70.723,
      "fibre_g": 9.339,
      "name": "Dinkelmehl",
      "description": "",
      "physical_density": 1.0,
      "physical_viscosity": "solid",
      "fdc_id": 2003587,
      "nutri_points": -6,
      "nutri_class": 1.0,
      "ndb_number": 20140,
      "major_class": "Cereal Grains and Pasta",
      "tags": []
    }
  },
  {
    "model": "food.ingredient",
    "pk": 83,
    "fields": {
      "created_at": "2022-08-20T18:13:46.086Z",
      "updated_at": "2022-08-28T21:00:53.262Z",
      "energy_kj": 1041.0,
      "protein_g": 12.3,
      "fat_g": 3.55,
      "saturated_fatty_acids_g": 0.732,
      "sugar_g": 0.0,
      "sodium_mg": 450.0,
      "fruit_factor": 0.0,
      "carbohydrate_g": 43.1,
      "fibre_g": 6.0,
      "name": "Brot, Vollkorn",
      "description": "",
      "physical_density": 1.0,
      "physical_viscosity": "solid",
      "fdc_id": 335240,
      "nutri_points": -3,
      "nutri_class": 1.0,
      "ndb_number": 18075,
      "major_class": "Baked Products",
      "tags": []
    }
  },
  {
    "model": "food.ingredient",
    "pk": 84,
    "fields": {
      "created_at": "2022-08-20T18:14:09.443Z",
      "updated_at": "2022-08-28T21:00:53.263Z",
      "energy_kj": 1107.0,
      "protein_g": 9.43,
      "fat_g": 3.59,
      "saturated_fatty_acids_g": 0.821,
      "sugar_g": 0.0,
      "sodium_mg": 477.0,
      "fruit_factor": 0.0,
      "carbohydrate_g": 49.2,
      "fibre_g": 2.3,
      "name": "Brot",
      "description": "",
      "physical_density": 1.0,
      "physical_viscosity": "solid",
      "fdc_id": 325871,
      "nutri_points": 1,
      "nutri_class": 2.0,
      "ndb_number": 18069,
      "major_class": "Baked Products",
      "tags": []
    }
  },
  {
    "model": "food.ingredient",
    "pk": 85,
    "fields": {
      "created_at": "2022-08-20T18:14:32.715Z",
      "updated_at": "2022-08-28T21:00:53.263Z",
      "energy_kj": 1578.0,
      "protein_g": 0.0,
      "fat_g": 0.32,
      "saturated_fatty_acids_g": 0.0,
      "sugar_g": 0.0,
      "sodium_mg": 1.0,
      "fruit_factor": 0.0,
      "carbohydrate_g": 99.6,
      "fibre_g": 0.0,
      "name": "Zucker, raffiniert",
      "description": "",
      "physical_density": 1.0,
      "physical_viscosity": "solid",
      "fdc_id": 746784,
      "nutri_points": 4,
      "nutri_class": 3.0,
      "ndb_number": 19335,
      "major_class": "Sweets",
      "tags": []
    }
  },
  {
    "model": "food.ingredient",
    "pk": 86,
    "fields": {
      "created_at": "2022-08-20T18:14:58.528Z",
      "updated_at": "2022-08-28T21:00:53.264Z",
      "energy_kj": 0.0,
      "protein_g": 24.4,
      "fat_g": 1.45,
      "saturated_fatty_acids_g": 0.0,
      "sugar_g": 0.0,
      "sodium_mg": 0.0,
      "fruit_factor": 0.0,
      "carbohydrate_g": 0.0,
      "fibre_g": 4.2,
      "name": "Bohne, schwarz",
      "description": "",
      "physical_density": 1.0,
      "physical_viscosity": "solid",
      "fdc_id": 747444,
      "nutri_points": -9,
      "nutri_class": 1.0,
      "ndb_number": 16514,
      "major_class": "Legumes and Legume Products",
      "tags": []
    }
  },
  {
    "model": "food.ingredient",
    "pk": 87,
    "fields": {
      "created_at": "2022-08-20T18:15:16.667Z",
      "updated_at": "2022-08-28T21:00:53.265Z",
      "energy_kj": 0.0,
      "protein_g": 25.9,
      "fat_g": 1.31,
      "saturated_fatty_acids_g": 0.0,
      "sugar_g": 0.0,
      "sodium_mg": 0.0,
      "fruit_factor": 0.0,
      "carbohydrate_g": 0.0,
      "fibre_g": 4.3,
      "name": "Bohne, Kidney",
      "description": "",
      "physical_density": 1.0,
      "physical_viscosity": "solid",
      "fdc_id": 747440,
      "nutri_points": -9,
      "nutri_class": 1.0,
      "ndb_number": 16510,
      "major_class": "Legumes and Legume Products",
      "tags": []
    }
  },
  {
    "model": "food.ingredient",
    "pk": 88,
    "fields": {
      "created_at": "2022-08-20T18:15:53.135Z",
      "updated_at": "2022-08-28T21:00:53.265Z",
      "energy_kj": 156.0,
      "protein_g": 3.546875,
      "fat_g": 2.125,
      "saturated_fatty_acids_g": 0.3138,
      "sugar_g": 0.0,
      "sodium_mg": 34.28,
      "fruit_factor": 0.0,
      "carbohydrate_g": 1.293125,
      "fibre_g": 0.0,
      "name": "Sojamilch",
      "description": "",
      "physical_density": 1.0,
      "physical_viscosity": "solid",
      "fdc_id": 1999630,
      "nutri_points": -2,
      "nutri_class": 1.0,
      "ndb_number": 16222,
      "major_class": "Legumes and Legume Products",
      "tags": []
    }
  },
  {
    "model": "food.ingredient",
    "pk": 89,
    "fields": {
      "created_at": "2022-08-20T18:16:10.984Z",
      "updated_at": "2022-08-28T21:00:53.266Z",
      "energy_kj": 939.0,
      "protein_g": 7.35,
      "fat_g": 17.1,
      "saturated_fatty_acids_g": 2.22,
      "sugar_g": 0.0,
      "sodium_mg": 438.0,
      "fruit_factor": 0.0,
      "carbohydrate_g": 14.9,
      "fibre_g": 5.4,
      "name": "Hummus",
      "description": "",
      "physical_density": 1.0,
      "physical_viscosity": "solid",
      "fdc_id": 321358,
      "nutri_points": 3,
      "nutri_class": 3.0,
      "ndb_number": 16158,
      "major_class": "Legumes and Legume Products",
      "tags": []
    }
  },
  {
    "model": "food.ingredient",
    "pk": 90,
    "fields": {
      "created_at": "2022-08-20T18:19:16.271Z",
      "updated_at": "2022-08-28T21:00:53.266Z",
      "energy_kj": 0.0,
      "protein_g": 0.0,
      "fat_g": 0.0,
      "saturated_fatty_acids_g": 8.991,
      "sugar_g": 0.0,
      "sodium_mg": 0.0,
      "fruit_factor": 0.0,
      "carbohydrate_g": 0.0,
      "fibre_g": 0.0,
      "name": "Öl, Sonnenblumen",
      "description": "",
      "physical_density": 1.0,
      "physical_viscosity": "solid",
      "fdc_id": 1750349,
      "nutri_points": 8,
      "nutri_class": 3.0,
      "ndb_number": 100262,
      "major_class": "Fats and Oils",
      "tags": []
    }
  },
  {
    "model": "food.ingredient",
    "pk": 91,
    "fields": {
      "created_at": "2022-08-20T18:19:48.241Z",
      "updated_at": "2022-08-28T21:00:53.267Z",
      "energy_kj": 180.0,
      "protein_g": 0.94,
      "fat_g": 0.1,
      "saturated_fatty_acids_g": 0.0,
      "sugar_g": 0.0,
      "sodium_mg": 1.0,
      "fruit_factor": 0.0,
      "carbohydrate_g": 9.93,
      "fibre_g": 2.2,
      "name": "Zwiebel, rot",
      "description": "",
      "physical_density": 1.0,
      "physical_viscosity": "solid",
      "fdc_id": 790577,
      "nutri_points": -2,
      "nutri_class": 1.0,
      "ndb_number": 100252,
      "major_class": "Vegetables and Vegetable Products",
      "tags": []
    }
  },
  {
    "model": "food.ingredient",
    "pk": 92,
    "fields": {
      "created_at": "2022-08-20T18:20:18.142Z",
      "updated_at": "2022-08-28T21:00:53.267Z",
      "energy_kj": 1492.0,
      "protein_g": 6.2,
      "fat_g": 1.74,
      "saturated_fatty_acids_g": 0.0,
      "sugar_g": 0.0,
      "sodium_mg": 0.0,
      "fruit_factor": 0.0,
      "carbohydrate_g": 80.8,
      "fibre_g": 4.3,
      "name": "Mehl, Mais",
      "description": "",
      "physical_density": 1.0,
      "physical_viscosity": "solid",
      "fdc_id": 790276,
      "nutri_points": -3,
      "nutri_class": 1.0,
      "ndb_number": 100251,
      "major_class": "Cereal Grains and Pasta",
      "tags": []
    }
  },
  {
    "model": "food.ingredient",
    "pk": 93,
    "fields": {
      "created_at": "2022-08-20T18:21:02.977Z",
      "updated_at": "2022-08-28T21:00:53.268Z",
      "energy_kj": 74.0,
      "protein_g": 0.84,
      "fat_g": 0.5,
      "saturated_fatty_acids_g": 0.0,
      "sugar_g": 0.0,
      "sodium_mg": 125.0,
      "fruit_factor": 0.0,
      "carbohydrate_g": 3.32,
      "fibre_g": 0.0,
      "name": "Tomaten, gewürfelt",
      "description": "",
      "physical_density": 1.0,
      "physical_viscosity": "solid",
      "fdc_id": 333281,
      "nutri_points": 1,
      "nutri_class": 2.0,
      "ndb_number": 100193,
      "major_class": "Vegetables and Vegetable Products",
      "tags": []
    }
  },
  {
    "model": "food.ingredient",
    "pk": 95,
    "fields": {
      "created_at": "2022-08-20T18:22:21.620Z",
      "updated_at": "2022-08-28T21:00:53.269Z",
      "energy_kj": 1419.0,
      "protein_g": 19.3,
      "fat_g": 28.1,
      "saturated_fatty_acids_g": 9.45,
      "sugar_g": 0.0,
      "sodium_mg": 983.0,
      "fruit_factor": 0.0,
      "carbohydrate_g": 2.63,
      "fibre_g": 0.0,
      "name": "Wurst, Chorizo",
      "description": "",
      "physical_density": 1.0,
      "physical_viscosity": "solid",
      "fdc_id": 746781,
      "nutri_points": 18,
      "nutri_class": 4.0,
      "ndb_number": 100173,
      "major_class": "Sausages and Luncheon Meats",
      "tags": []
    }
  },
  {
    "model": "food.ingredient",
    "pk": 96,
    "fields": {
      "created_at": "2022-08-20T18:23:12.908Z",
      "updated_at": "2022-08-28T21:00:53.269Z",
      "energy_kj": 131.0,
      "protein_g": 0.0,
      "fat_g": 0.3375,
      "saturated_fatty_acids_g": 0.0,
      "sugar_g": 0.0,
      "sodium_mg": 6.341,
      "fruit_factor": 0.0,
      "carbohydrate_g": 7.26375,
      "fibre_g": 0.0,
      "name": "Preiselbeerensaft",
      "description": "",
      "physical_density": 1.0,
      "physical_viscosity": "solid",
      "fdc_id": 2003594,
      "nutri_points": 0,
      "nutri_class": 2.0,
      "ndb_number": 43382,
      "major_class": "Fruits and Fruit Juices",
      "tags": []
    }
  },
  {
    "model": "food.ingredient",
    "pk": 97,
    "fields": {
      "created_at": "2022-08-20T18:25:57.707Z",
      "updated_at": "2022-08-28T21:00:53.270Z",
      "energy_kj": 328.0,
      "protein_g": 0.89875,
      "fat_g": 0.2325,
      "saturated_fatty_acids_g": 0.0,
      "sugar_g": 0.0,
      "sodium_mg": 3.171,
      "fruit_factor": 0.0,
      "carbohydrate_g": 18.60375,
      "fibre_g": 0.0,
      "name": "Weintrauben, grün",
      "description": "",
      "physical_density": 1.0,
      "physical_viscosity": "solid",
      "fdc_id": 2263891,
      "nutri_points": 0,
      "nutri_class": 2.0,
      "ndb_number": 100280,
      "major_class": "Fruits and Fruit Juices",
      "tags": []
    }
  },
  {
    "model": "food.ingredient",
    "pk": 98,
    "fields": {
      "created_at": "2022-08-20T18:26:14.279Z",
      "updated_at": "2022-08-28T21:00:53.270Z",
      "energy_kj": 348.0,
      "protein_g": 0.914375,
      "fat_g": 0.1638,
      "saturated_fatty_acids_g": 0.0,
      "sugar_g": 0.0,
      "sodium_mg": 6.999,
      "fruit_factor": 0.0,
      "carbohydrate_g": 20.196825,
      "fibre_g": 0.0,
      "name": "Weintrauben, rot",
      "description": "",
      "physical_density": 1.0,
      "physical_viscosity": "solid",
      "fdc_id": 2263890,
      "nutri_points": 1,
      "nutri_class": 2.0,
      "ndb_number": 100279,
      "major_class": "Fruits and Fruit Juices",
      "tags": []
    }
  },
  {
    "model": "food.ingredient",
    "pk": 99,
    "fields": {
      "created_at": "2022-08-20T18:26:53.393Z",
      "updated_at": "2022-08-28T21:00:53.271Z",
      "energy_kj": 197.0,
      "protein_g": 0.796875,
      "fat_g": 2.749,
      "saturated_fatty_acids_g": 0.0,
      "sugar_g": 0.0,
      "sodium_mg": 41.98,
      "fruit_factor": 0.0,
      "carbohydrate_g": 5.100325,
      "fibre_g": 0.0,
      "name": "Hafermilch",
      "description": "",
      "physical_density": 1.0,
      "physical_viscosity": "solid",
      "fdc_id": 2257046,
      "nutri_points": 0,
      "nutri_class": 2.0,
      "ndb_number": 100277,
      "major_class": "Beverages",
      "tags": []
    }
  },
  {
    "model": "food.ingredient",
    "pk": 100,
    "fields": {
      "created_at": "2022-08-20T18:27:44.921Z",
      "updated_at": "2022-08-28T21:00:53.272Z",
      "energy_kj": 1595.0,
      "protein_g": 13.16875,
      "fat_g": 6.309,
      "saturated_fatty_acids_g": 0.0,
      "sugar_g": 0.0,
      "sodium_mg": 3.619,
      "fruit_factor": 0.0,
      "carbohydrate_g": 69.91725,
      "fibre_g": 10.5,
      "name": "Mehl, Hafer, Vollkorn",
      "description": "",
      "physical_density": 1.0,
      "physical_viscosity": "solid",
      "fdc_id": 2261421,
      "nutri_points": -6,
      "nutri_class": 1.0,
      "ndb_number": 100274,
      "major_class": "Cereal Grains and Pasta",
      "tags": []
    }
  },
  {
    "model": "food.ingredient",
    "pk": 101,
    "fields": {
      "created_at": "2022-08-20T18:28:00.407Z",
      "updated_at": "2022-08-28T21:00:53.272Z",
      "energy_kj": 2550.0,
      "protein_g": 26.24375,
      "fat_g": 50.23,
      "saturated_fatty_acids_g": 0.0,
      "sugar_g": 0.0,
      "sodium_mg": 0.8944,
      "fruit_factor": 0.0,
      "carbohydrate_g": 16.24925,
      "fibre_g": 9.266,
      "name": "Mehl, Mandel",
      "description": "",
      "physical_density": 1.0,
      "physical_viscosity": "solid",
      "fdc_id": 2261420,
      "nutri_points": -3,
      "nutri_class": 1.0,
      "ndb_number": 100273,
      "major_class": "Nut and Seed Products",
      "tags": []
    }
  },
  {
    "model": "food.ingredient",
    "pk": 102,
    "fields": {
      "created_at": "2022-08-20T18:28:19.326Z",
      "updated_at": "2022-08-28T21:00:53.273Z",
      "energy_kj": 2858.0,
      "protein_g": 19.7054,
      "fat_g": 62.4,
      "saturated_fatty_acids_g": 8.966,
      "sugar_g": 0.0,
      "sodium_mg": 63.63,
      "fruit_factor": 0.0,
      "carbohydrate_g": 14.179,
      "fibre_g": 8.372,
      "name": "Sesambutter",
      "description": "",
      "physical_density": 1.0,
      "physical_viscosity": "solid",
      "fdc_id": 2262073,
      "nutri_points": 6,
      "nutri_class": 3.0,
      "ndb_number": 100271,
      "major_class": "Nut and Seed Products",
      "tags": []
    }
  },
  {
    "model": "food.ingredient",
    "pk": 103,
    "fields": {
      "created_at": "2022-08-20T18:28:43.597Z",
      "updated_at": "2022-08-28T21:00:53.273Z",
      "energy_kj": 168.0,
      "protein_g": 0.5703125,
      "fat_g": 0.2669,
      "saturated_fatty_acids_g": 0.0,
      "sugar_g": 0.0,
      "sodium_mg": 1.031,
      "fruit_factor": 0.0,
      "carbohydrate_g": 9.1021875,
      "fibre_g": 0.0,
      "name": "Grapefruitsaft",
      "description": "",
      "physical_density": 1.0,
      "physical_viscosity": "solid",
      "fdc_id": 2003595,
      "nutri_points": 0,
      "nutri_class": 2.0,
      "ndb_number": 100267,
      "major_class": "Fruits and Fruit Juices",
      "tags": []
    }
  },
  {
    "model": "food.ingredient",
    "pk": 104,
    "fields": {
      "created_at": "2022-08-20T19:22:21.048Z",
      "updated_at": "2022-08-28T21:00:53.274Z",
      "energy_kj": 1464.0,
      "protein_g": 14.73,
      "fat_g": 1.08,
      "saturated_fatty_acids_g": 0.156,
      "sugar_g": 2.5,
      "sodium_mg": 7.0,
      "fruit_factor": 0.0,
      "carbohydrate_g": 74.9,
      "fibre_g": 6.2,
      "name": "Reis, Wild",
      "description": "",
      "physical_density": 1.0,
      "physical_viscosity": "solid",
      "fdc_id": 169726,
      "nutri_points": -6,
      "nutri_class": 1.0,
      "ndb_number": 20088,
      "major_class": "Cereal Grains and Pasta",
      "tags": []
    }
  },
  {
    "model": "food.ingredient",
    "pk": 105,
    "fields": {
      "created_at": "2022-08-20T19:23:17.930Z",
      "updated_at": "2022-08-28T21:00:53.274Z",
      "energy_kj": 1517.0,
      "protein_g": 6.81,
      "fat_g": 0.55,
      "saturated_fatty_acids_g": 0.111,
      "sugar_g": 0.0,
      "sodium_mg": 7.0,
      "fruit_factor": 0.0,
      "carbohydrate_g": 81.68,
      "fibre_g": 2.8,
      "name": "Reis",
      "description": "",
      "physical_density": 1.0,
      "physical_viscosity": "solid",
      "fdc_id": 168883,
      "nutri_points": 2,
      "nutri_class": 3.0,
      "ndb_number": 20054,
      "major_class": "Cereal Grains and Pasta",
      "tags": []
    }
  },
  {
    "model": "food.ingredient",
    "pk": 106,
    "fields": {
      "created_at": "2022-08-20T20:12:44.795Z",
      "updated_at": "2022-08-28T21:00:53.275Z",
      "energy_kj": 2452.0,
      "protein_g": 7.79,
      "fat_g": 42.63,
      "saturated_fatty_acids_g": 24.489,
      "sugar_g": 23.99,
      "sodium_mg": 20.0,
      "fruit_factor": 0.0,
      "carbohydrate_g": 45.9,
      "fibre_g": 10.9,
      "name": "Schokolade 80%",
      "description": "",
      "physical_density": 1.0,
      "physical_viscosity": "solid",
      "fdc_id": 170273,
      "nutri_points": 17,
      "nutri_class": 4.0,
      "ndb_number": 19904,
      "major_class": "Sweets",
      "tags": []
    }
  },
  {
    "model": "food.ingredient",
    "pk": 107,
    "fields": {
      "created_at": "2022-08-20T20:23:55.374Z",
      "updated_at": "2022-08-28T21:00:53.276Z",
      "energy_kj": 1029.0,
      "protein_g": 10.39,
      "fat_g": 3.26,
      "saturated_fatty_acids_g": 1.392,
      "sugar_g": 0.64,
      "sodium_mg": 20.0,
      "fruit_factor": 0.0,
      "carbohydrate_g": 63.95,
      "fibre_g": 25.3,
      "name": "Pfeffer, Schwarz",
      "description": "",
      "physical_density": 1.0,
      "physical_viscosity": "solid",
      "fdc_id": 170931,
      "nutri_points": -6,
      "nutri_class": 1.0,
      "ndb_number": 2030,
      "major_class": "Spices and Herbs",
      "tags": []
    }
  },
  {
    "model": "food.ingredient",
    "pk": 108,
    "fields": {
      "created_at": "2022-08-20T20:52:11.556Z",
      "updated_at": "2022-08-28T21:00:53.276Z",
      "energy_kj": 246.0,
      "protein_g": 0.51,
      "fat_g": 0.11,
      "saturated_fatty_acids_g": 0.008,
      "sugar_g": 14.26,
      "sodium_mg": 1.0,
      "fruit_factor": 0.0,
      "carbohydrate_g": 15.56,
      "fibre_g": 1.3,
      "name": "Ananas, Konserven, abgetropft",
      "description": "",
      "physical_density": 1.0,
      "physical_viscosity": "solid",
      "fdc_id": 167767,
      "nutri_points": 2,
      "nutri_class": 2.0,
      "ndb_number": 9354,
      "major_class": "Fruits and Fruit Juices",
      "tags": []
    }
  },
  {
    "model": "food.ingredient",
    "pk": 109,
    "fields": {
      "created_at": "2022-08-20T20:53:04.492Z",
      "updated_at": "2022-08-28T21:00:53.277Z",
      "energy_kj": 1492.0,
      "protein_g": 6.2,
      "fat_g": 1.74,
      "saturated_fatty_acids_g": 0.0,
      "sugar_g": 0.0,
      "sodium_mg": 0.0,
      "fruit_factor": 0.0,
      "carbohydrate_g": 80.8,
      "fibre_g": 4.3,
      "name": "Speisestärke",
      "description": "",
      "physical_density": 1.0,
      "physical_viscosity": "solid",
      "fdc_id": 790276,
      "nutri_points": -3,
      "nutri_class": 1.0,
      "ndb_number": 100251,
      "major_class": "Cereal Grains and Pasta",
      "tags": []
    }
  },
  {
    "model": "food.ingredient",
    "pk": 110,
    "fields": {
      "created_at": "2022-08-20T20:54:44.333Z",
      "updated_at": "2022-08-28T21:00:53.278Z",
      "energy_kj": 0.0,
      "protein_g": 0.0,
      "fat_g": 0.0,
      "saturated_fatty_acids_g": 0.0,
      "sugar_g": 0.0,
      "sodium_mg": 0.0,
      "fruit_factor": 0.0,
      "carbohydrate_g": 0.0,
      "fibre_g": 0.0,
      "name": "Sojasoße",
      "description": "",
      "physical_density": 1.0,
      "physical_viscosity": "solid",
      "fdc_id": 174278,
      "nutri_points": 0,
      "nutri_class": 2.0,
      "ndb_number": null,
      "major_class": null,
      "tags": []
    }
  },
  {
    "model": "food.ingredient",
    "pk": 111,
    "fields": {
      "created_at": "2022-08-20T20:55:56.735Z",
      "updated_at": "2022-08-28T21:00:53.278Z",
      "energy_kj": 336.0,
      "protein_g": 4.32,
      "fat_g": 0.47,
      "saturated_fatty_acids_g": 0.1,
      "sugar_g": 12.18,
      "sodium_mg": 59.0,
      "fruit_factor": 0.0,
      "carbohydrate_g": 18.91,
      "fibre_g": 4.1,
      "name": "Tomatemark",
      "description": "",
      "physical_density": 1.0,
      "physical_viscosity": "solid",
      "fdc_id": 170459,
      "nutri_points": -3,
      "nutri_class": 1.0,
      "ndb_number": 11546,
      "major_class": "Vegetables and Vegetable Products",
      "tags": []
    }
  },
  {
    "model": "food.ingredient",
    "pk": 112,
    "fields": {
      "created_at": "2022-08-20T20:57:10.468Z",
      "updated_at": "2022-08-28T21:00:53.279Z",
      "energy_kj": 361.0,
      "protein_g": 0.49,
      "fat_g": 0.0,
      "saturated_fatty_acids_g": 0.0,
      "sugar_g": 14.95,
      "sodium_mg": 23.0,
      "fruit_factor": 0.0,
      "carbohydrate_g": 17.03,
      "fibre_g": 0.0,
      "name": "Balsamic Essig",
      "description": "",
      "physical_density": 1.0,
      "physical_viscosity": "solid",
      "fdc_id": 172241,
      "nutri_points": 4,
      "nutri_class": 3.0,
      "ndb_number": 2069,
      "major_class": "Spices and Herbs",
      "tags": []
    }
  },
  {
    "model": "food.ingredient",
    "pk": 113,
    "fields": {
      "created_at": "2022-08-20T20:59:15.504Z",
      "updated_at": "2022-08-28T21:00:53.279Z",
      "energy_kj": 295.0,
      "protein_g": 0.52,
      "fat_g": 0.18,
      "saturated_fatty_acids_g": 0.013,
      "sugar_g": 14.66,
      "sodium_mg": 6.0,
      "fruit_factor": 0.0,
      "carbohydrate_g": 18.43,
      "fibre_g": 1.2,
      "name": "Pfirsich, Dose, abgetrpoft",
      "description": "",
      "physical_density": 1.0,
      "physical_viscosity": "solid",
      "fdc_id": 168181,
      "nutri_points": 2,
      "nutri_class": 2.0,
      "ndb_number": 9370,
      "major_class": "Fruits and Fruit Juices",
      "tags": []
    }
  },
  {
    "model": "food.ingredient",
    "pk": 114,
    "fields": {
      "created_at": "2022-08-20T21:12:29.428Z",
      "updated_at": "2022-08-28T21:00:53.280Z",
      "energy_kj": 1341.0,
      "protein_g": 51.46,
      "fat_g": 1.22,
      "saturated_fatty_acids_g": 0.136,
      "sugar_g": 16.42,
      "sodium_mg": 20.0,
      "fruit_factor": 0.0,
      "carbohydrate_g": 33.92,
      "fibre_g": 17.5,
      "name": "Sojaflocken",
      "description": "",
      "physical_density": 1.0,
      "physical_viscosity": "solid",
      "fdc_id": 174275,
      "nutri_points": -3,
      "nutri_class": 1.0,
      "ndb_number": 16117,
      "major_class": "Legumes and Legume Products",
      "tags": []
    }
  },
  {
    "model": "food.ingredient",
    "pk": 115,
    "fields": {
      "created_at": "2022-08-20T21:26:08.852Z",
      "updated_at": "2022-08-28T21:00:53.281Z",
      "energy_kj": 709.0,
      "protein_g": 7.33,
      "fat_g": 4.67,
      "saturated_fatty_acids_g": 1.0,
      "sugar_g": 0.0,
      "sodium_mg": 327.0,
      "fruit_factor": 0.0,
      "carbohydrate_g": 26.0,
      "fibre_g": 0.7,
      "name": "Spätzle",
      "description": "",
      "physical_density": 1.0,
      "physical_viscosity": "solid",
      "fdc_id": 467588,
      "nutri_points": 5,
      "nutri_class": 3.0,
      "ndb_number": null,
      "major_class": null,
      "tags": []
    }
  },
  {
    "model": "food.ingredient",
    "pk": 116,
    "fields": {
      "created_at": "2022-08-20T21:29:38.355Z",
      "updated_at": "2022-08-28T21:00:53.281Z",
      "energy_kj": 1222.0,
      "protein_g": 23.7,
      "fat_g": 20.4,
      "saturated_fatty_acids_g": 11.7,
      "sugar_g": 0.0,
      "sodium_mg": 699.0,
      "fruit_factor": 0.0,
      "carbohydrate_g": 4.44,
      "fibre_g": 0.0,
      "name": "Morzarella",
      "description": "",
      "physical_density": 1.0,
      "physical_viscosity": "solid",
      "fdc_id": 329370,
      "nutri_points": 15,
      "nutri_class": 4.0,
      "ndb_number": 1029,
      "major_class": "Dairy and Egg Products",
      "tags": []
    }
  },
  {
    "model": "food.ingredient",
    "pk": 117,
    "fields": {
      "created_at": "2022-08-20T21:30:52.272Z",
      "updated_at": "2022-08-28T21:00:53.282Z",
      "energy_kj": 1611.0,
      "protein_g": 27.0,
      "fat_g": 31.0,
      "saturated_fatty_acids_g": 18.2,
      "sugar_g": 0.0,
      "sodium_mg": 185.0,
      "fruit_factor": 0.0,
      "carbohydrate_g": 1.44,
      "fibre_g": 0.0,
      "name": "Emmentaler",
      "description": "",
      "physical_density": 1.0,
      "physical_viscosity": "solid",
      "fdc_id": 746767,
      "nutri_points": 11,
      "nutri_class": 4.0,
      "ndb_number": 1040,
      "major_class": "Dairy and Egg Products",
      "tags": []
    }
  },
  {
    "model": "food.ingredient",
    "pk": 118,
    "fields": {
      "created_at": "2022-08-20T21:44:02.846Z",
      "updated_at": "2022-08-28T21:00:53.282Z",
      "energy_kj": 25.0,
      "protein_g": 0.23,
      "fat_g": 0.07,
      "saturated_fatty_acids_g": 0.031,
      "sugar_g": 0.57,
      "sodium_mg": 303.0,
      "fruit_factor": 0.0,
      "carbohydrate_g": 1.02,
      "fibre_g": 0.0,
      "name": "Gemüsebrühe",
      "description": "",
      "physical_density": 1.0,
      "physical_viscosity": "solid",
      "fdc_id": 171180,
      "nutri_points": 3,
      "nutri_class": 3.0,
      "ndb_number": 6615,
      "major_class": "Soups, Sauces, and Gravies",
      "tags": []
    }
  },
  {
    "model": "food.ingredient",
    "pk": 119,
    "fields": {
      "created_at": "2022-08-20T21:49:00.347Z",
      "updated_at": "2022-08-28T21:00:53.283Z",
      "energy_kj": 1394.0,
      "protein_g": 2.84,
      "fat_g": 36.08,
      "saturated_fatty_acids_g": 23.032,
      "sugar_g": 2.92,
      "sodium_mg": 27.0,
      "fruit_factor": 0.0,
      "carbohydrate_g": 2.84,
      "fibre_g": 0.0,
      "name": "Schlagsahne",
      "description": "",
      "physical_density": 1.0,
      "physical_viscosity": "solid",
      "fdc_id": 170859,
      "nutri_points": 13,
      "nutri_class": 4.0,
      "ndb_number": 1053,
      "major_class": "Dairy and Egg Products",
      "tags": []
    }
  },
  {
    "model": "food.ingredient",
    "pk": 120,
    "fields": {
      "created_at": "2022-08-20T21:49:48.767Z",
      "updated_at": "2022-08-28T21:00:53.283Z",
      "energy_kj": 1447.0,
      "protein_g": 21.4,
      "fat_g": 28.74,
      "saturated_fatty_acids_g": 18.669,
      "sugar_g": 0.5,
      "sodium_mg": 1146.0,
      "fruit_factor": 0.0,
      "carbohydrate_g": 2.34,
      "fibre_g": 0.0,
      "name": "Gorgonzolaa",
      "description": "",
      "physical_density": 1.0,
      "physical_viscosity": "solid",
      "fdc_id": 172175,
      "nutri_points": 19,
      "nutri_class": 5.0,
      "ndb_number": 1004,
      "major_class": "Dairy and Egg Products",
      "tags": []
    }
  },
  {
    "model": "food.ingredient",
    "pk": 121,
    "fields": {
      "created_at": "2022-08-20T22:22:26.350Z",
      "updated_at": "2022-08-28T21:00:53.284Z",
      "energy_kj": 238.0,
      "protein_g": 2.57,
      "fat_g": 0.1,
      "saturated_fatty_acids_g": 0.026,
      "sugar_g": 0.0,
      "sodium_mg": 10.0,
      "fruit_factor": 0.0,
      "carbohydrate_g": 12.44,
      "fibre_g": 2.5,
      "name": "Kartoffel",
      "description": "",
      "physical_density": 1.0,
      "physical_viscosity": "solid",
      "fdc_id": 170032,
      "nutri_points": -3,
      "nutri_class": 1.0,
      "ndb_number": 11362,
      "major_class": "Vegetables and Vegetable Products",
      "tags": []
    }
  },
  {
    "model": "food.ingredient",
    "pk": 122,
    "fields": {
      "created_at": "2022-08-20T22:26:40.890Z",
      "updated_at": "2022-08-28T21:00:53.285Z",
      "energy_kj": 1496.0,
      "protein_g": 9.42,
      "fat_g": 4.74,
      "saturated_fatty_acids_g": 0.667,
      "sugar_g": 0.0,
      "sodium_mg": 35.0,
      "fruit_factor": 0.0,
      "carbohydrate_g": 74.26,
      "fibre_g": 0.0,
      "name": "Mais",
      "description": "",
      "physical_density": 1.0,
      "physical_viscosity": "solid",
      "fdc_id": 168920,
      "nutri_points": -1,
      "nutri_class": 1.0,
      "ndb_number": 20314,
      "major_class": "Cereal Grains and Pasta",
      "tags": []
    }
  },
  {
    "model": "food.ingredient",
    "pk": 123,
    "fields": {
      "created_at": "2022-08-20T22:34:52.017Z",
      "updated_at": "2022-08-28T21:00:53.285Z",
      "energy_kj": 172.0,
      "protein_g": 2.49,
      "fat_g": 0.51,
      "saturated_fatty_acids_g": 0.111,
      "sugar_g": 0.0,
      "sodium_mg": 6.0,
      "fruit_factor": 0.0,
      "carbohydrate_g": 8.82,
      "fibre_g": 5.3,
      "name": "Süßkarttoffel",
      "description": "",
      "physical_density": 1.0,
      "physical_viscosity": "solid",
      "fdc_id": 169303,
      "nutri_points": -6,
      "nutri_class": 1.0,
      "ndb_number": 11505,
      "major_class": "Vegetables and Vegetable Products",
      "tags": []
    }
  },
  {
    "model": "food.ingredient",
    "pk": 124,
    "fields": {
      "created_at": "2022-08-20T23:24:21.902Z",
      "updated_at": "2022-08-28T21:00:53.286Z",
      "energy_kj": 202.0,
      "protein_g": 5.3,
      "fat_g": 2.1,
      "saturated_fatty_acids_g": 1.0,
      "sugar_g": 0.5,
      "sodium_mg": 10.0,
      "fruit_factor": 0.0,
      "carbohydrate_g": 1.8,
      "fibre_g": 0.0,
      "name": "Seidentofu",
      "description": "",
      "physical_density": 1.0,
      "physical_viscosity": "solid",
      "fdc_id": null,
      "nutri_points": -3,
      "nutri_class": 1.0,
      "ndb_number": null,
      "major_class": null,
      "tags": []
    }
  },
  {
    "model": "food.ingredient",
    "pk": 125,
    "fields": {
      "created_at": "2022-08-20T23:25:38.051Z",
      "updated_at": "2022-08-28T21:00:53.286Z",
      "energy_kj": 1271.0,
      "protein_g": 0.09,
      "fat_g": 0.45,
      "saturated_fatty_acids_g": 0.0,
      "sugar_g": 68.03,
      "sodium_mg": 4.0,
      "fruit_factor": 0.0,
      "carbohydrate_g": 76.37,
      "fibre_g": 0.2,
      "name": "Agavendicksaft",
      "description": "",
      "physical_density": 1.0,
      "physical_viscosity": "solid",
      "fdc_id": 170277,
      "nutri_points": 13,
      "nutri_class": 4.0,
      "ndb_number": 19912,
      "major_class": "Sweets",
      "tags": []
    }
  },
  {
    "model": "food.ingredient",
    "pk": 126,
    "fields": {
      "created_at": "2022-08-20T23:27:23.799Z",
      "updated_at": "2022-08-28T21:00:53.287Z",
      "energy_kj": 1181.0,
      "protein_g": 0.06,
      "fat_g": 0.06,
      "saturated_fatty_acids_g": 0.01,
      "sugar_g": 12.65,
      "sodium_mg": 9.0,
      "fruit_factor": 0.0,
      "carbohydrate_g": 12.65,
      "fibre_g": 0.0,
      "name": "Vanille Extrakt",
      "description": "",
      "physical_density": 1.0,
      "physical_viscosity": "solid",
      "fdc_id": 173471,
      "nutri_points": 5,
      "nutri_class": 3.0,
      "ndb_number": 2050,
      "major_class": "Spices and Herbs",
      "tags": []
    }
  },
  {
    "model": "food.ingredient",
    "pk": 127,
    "fields": {
      "created_at": "2022-08-28T14:45:24.038Z",
      "updated_at": "2022-08-28T14:48:26.935Z",
      "energy_kj": 70.0,
      "protein_g": 1.21,
      "fat_g": 0.32,
      "saturated_fatty_acids_g": 0.084,
      "sugar_g": 2.5,
      "sodium_mg": 8.0,
      "fruit_factor": 0.0,
      "carbohydrate_g": 3.11,
      "fibre_g": 1.0,
      "name": "Zucchini",
      "description": "",
      "physical_density": 1.0,
      "physical_viscosity": "solid",
      "fdc_id": 169291,
      "nutri_points": -1,
      "nutri_class": 1.0,
      "ndb_number": 11477,
      "major_class": "Vegetables and Vegetable Products",
      "tags": []
    }
  },
  {
    "model": "food.ingredient",
    "pk": 128,
    "fields": {
      "created_at": "2022-08-28T15:05:02.803Z",
      "updated_at": "2022-08-28T15:06:12.090Z",
      "energy_kj": 1086.0,
      "protein_g": 9.0,
      "fat_g": 4.28,
      "saturated_fatty_acids_g": 1.551,
      "sugar_g": 4.09,
      "sodium_mg": 25.0,
      "fruit_factor": 0.0,
      "carbohydrate_g": 68.92,
      "fibre_g": 42.5,
      "name": "Oregano",
      "description": "",
      "physical_density": 1.0,
      "physical_viscosity": "solid",
      "fdc_id": 171328,
      "nutri_points": -6,
      "nutri_class": 1.0,
      "ndb_number": 2027,
      "major_class": "Spices and Herbs",
      "tags": []
    }
  },
  {
    "model": "food.ingredient",
    "pk": 129,
    "fields": {
      "created_at": "2022-08-28T15:22:26.397Z",
      "updated_at": "2022-08-28T15:22:48.590Z",
      "energy_kj": 2759.0,
      "protein_g": 13.69,
      "fat_g": 68.37,
      "saturated_fatty_acids_g": 4.899,
      "sugar_g": 3.59,
      "sodium_mg": 2.0,
      "fruit_factor": 0.0,
      "carbohydrate_g": 13.08,
      "fibre_g": 3.7,
      "name": "Pinienkerne",
      "description": "",
      "physical_density": 1.0,
      "physical_viscosity": "solid",
      "fdc_id": 170591,
      "nutri_points": 4,
      "nutri_class": 3.0,
      "ndb_number": 12147,
      "major_class": "Nut and Seed Products",
      "tags": []
    }
  },
  {
    "model": "food.ingredient",
    "pk": 130,
    "fields": {
      "created_at": "2022-08-28T15:26:23.769Z",
      "updated_at": "2022-08-28T15:26:25.021Z",
      "energy_kj": 812.0,
      "protein_g": 2.44,
      "fat_g": 19.35,
      "saturated_fatty_acids_g": 10.14,
      "sugar_g": 3.41,
      "sodium_mg": 31.0,
      "fruit_factor": 0.0,
      "carbohydrate_g": 4.63,
      "fibre_g": 0.0,
      "name": "Saure Sahne",
      "description": "",
      "physical_density": 1.0,
      "physical_viscosity": "solid",
      "fdc_id": 171257,
      "nutri_points": 11,
      "nutri_class": 4.0,
      "ndb_number": 1056,
      "major_class": "Dairy and Egg Products",
      "tags": []
    }
  },
  {
    "model": "food.ingredient",
    "pk": 131,
    "fields": {
      "created_at": "2022-08-28T16:55:34.275Z",
      "updated_at": "2022-08-28T16:55:34.276Z",
      "energy_kj": 2251.0,
      "protein_g": 6.5,
      "fat_g": 31.0,
      "saturated_fatty_acids_g": 19.0,
      "sugar_g": 55.0,
      "sodium_mg": 140.0,
      "fruit_factor": 0.0,
      "carbohydrate_g": 57.0,
      "fibre_g": 2.3,
      "name": "Milka Alpenmilch",
      "description": "",
      "physical_density": 1.0,
      "physical_viscosity": "solid",
      "fdc_id": null,
      "nutri_points": 25,
      "nutri_class": 5.0,
      "ndb_number": null,
      "major_class": null,
      "tags": []
    }
  },
  {
    "model": "food.portion",
    "pk": 1,
    "fields": {
      "created_at": null,
      "updated_at": "2022-08-19T20:28:07.611Z",
      "energy_kj": 0.8,
      "protein_g": 0.01,
      "fat_g": 0.0,
      "saturated_fatty_acids_g": 0.0,
      "sugar_g": 0.03,
      "sodium_mg": 0.05,
      "fruit_factor": 0.0,
      "carbohydrate_g": 0.04,
      "fibre_g": 0.01,
      "name": "Tomate in g",
      "measuring_unit": 3,
      "ingredient": 1,
      "quantity": 1.0,
      "rank": 2,
      "weight_g": 1.0
    }
  },
  {
    "model": "food.portion",
    "pk": 2,
    "fields": {
      "created_at": null,
      "updated_at": "2022-08-19T20:28:04.988Z",
      "energy_kj": 32.0,
      "protein_g": 0.4,
      "fat_g": 0.08,
      "saturated_fatty_acids_g": 0.02,
      "sugar_g": 1.04,
      "sodium_mg": 2.0,
      "fruit_factor": 0.0,
      "carbohydrate_g": 1.56,
      "fibre_g": 0.52,
      "name": "Cocktailtomate",
      "measuring_unit": 3,
      "ingredient": 1,
      "quantity": 40.0,
      "rank": 3,
      "weight_g": 40.0
    }
  },
  {
    "model": "food.portion",
    "pk": 3,
    "fields": {
      "created_at": null,
      "updated_at": "2022-08-19T20:28:02.183Z",
      "energy_kj": 160.0,
      "protein_g": 2.0,
      "fat_g": 0.4,
      "saturated_fatty_acids_g": 0.08,
      "sugar_g": 5.2,
      "sodium_mg": 10.0,
      "fruit_factor": 0.0,
      "carbohydrate_g": 7.8,
      "fibre_g": 2.6,
      "name": "Fleischtomate",
      "measuring_unit": 3,
      "ingredient": 1,
      "quantity": 200.0,
      "rank": 1,
      "weight_g": 200.0
    }
  },
  {
    "model": "food.portion",
    "pk": 4,
    "fields": {
      "created_at": null,
      "updated_at": "2022-08-19T20:27:59.039Z",
      "energy_kj": 28.54,
      "protein_g": 0.0,
      "fat_g": 0.76,
      "saturated_fatty_acids_g": 0.11,
      "sugar_g": 0.0,
      "sodium_mg": 0.02,
      "fruit_factor": 0.0,
      "carbohydrate_g": 0.0,
      "fibre_g": 0.0,
      "name": "Olivenöl in ml",
      "measuring_unit": 5,
      "ingredient": 18,
      "quantity": 1.0,
      "rank": 3,
      "weight_g": 0.8
    }
  },
  {
    "model": "food.portion",
    "pk": 5,
    "fields": {
      "created_at": null,
      "updated_at": "2022-08-19T20:27:53.200Z",
      "energy_kj": 1.7,
      "protein_g": 0.01,
      "fat_g": 0.0,
      "saturated_fatty_acids_g": 0.0,
      "sugar_g": 0.04,
      "sodium_mg": 0.0,
      "fruit_factor": 0.0,
      "carbohydrate_g": 0.09,
      "fibre_g": 0.02,
      "name": "Zwiebeln in g",
      "measuring_unit": 3,
      "ingredient": 21,
      "quantity": 1.0,
      "rank": 2,
      "weight_g": 1.0
    }
  },
  {
    "model": "food.portion",
    "pk": 6,
    "fields": {
      "created_at": null,
      "updated_at": "2022-08-19T20:27:47.291Z",
      "energy_kj": 68.0,
      "protein_g": 0.44,
      "fat_g": 0.04,
      "saturated_fatty_acids_g": 0.0,
      "sugar_g": 1.68,
      "sodium_mg": 0.0,
      "fruit_factor": 0.0,
      "carbohydrate_g": 3.6,
      "fibre_g": 0.68,
      "name": "Gemüsezwiebel",
      "measuring_unit": 3,
      "ingredient": 21,
      "quantity": 40.0,
      "rank": 1,
      "weight_g": 40.0
    }
  },
  {
    "model": "food.portion",
    "pk": 7,
    "fields": {
      "created_at": null,
      "updated_at": "2022-08-19T20:27:44.920Z",
      "energy_kj": 16.0,
      "protein_g": 0.01,
      "fat_g": 0.29,
      "saturated_fatty_acids_g": 0.17,
      "sugar_g": 0.01,
      "sodium_mg": 0.04,
      "fruit_factor": 0.0,
      "carbohydrate_g": 0.04,
      "fibre_g": 0.0,
      "name": "Parmesan in g",
      "measuring_unit": 3,
      "ingredient": 22,
      "quantity": 1.0,
      "rank": 1,
      "weight_g": 1.0
    }
  },
  {
    "model": "food.portion",
    "pk": 8,
    "fields": {
      "created_at": null,
      "updated_at": "2022-08-19T20:27:42.202Z",
      "energy_kj": 19.8,
      "protein_g": 0.72,
      "fat_g": 0.14,
      "saturated_fatty_acids_g": 0.0,
      "sugar_g": 0.07,
      "sodium_mg": 0.0,
      "fruit_factor": 0.0,
      "carbohydrate_g": 0.68,
      "fibre_g": 0.36,
      "name": "Basilikum in EL",
      "measuring_unit": 1,
      "ingredient": 19,
      "quantity": 1.0,
      "rank": 2,
      "weight_g": 22.5
    }
  },
  {
    "model": "food.portion",
    "pk": 9,
    "fields": {
      "created_at": null,
      "updated_at": "2022-08-19T20:30:36.232Z",
      "energy_kj": 5.28,
      "protein_g": 0.19,
      "fat_g": 0.04,
      "saturated_fatty_acids_g": 0.0,
      "sugar_g": 0.02,
      "sodium_mg": 0.0,
      "fruit_factor": 0.0,
      "carbohydrate_g": 0.18,
      "fibre_g": 0.1,
      "name": "Basilikumblatt",
      "measuring_unit": 3,
      "ingredient": 19,
      "quantity": 6.0,
      "rank": 1,
      "weight_g": 6.0
    }
  },
  {
    "model": "food.portion",
    "pk": 10,
    "fields": {
      "created_at": null,
      "updated_at": "2022-08-19T20:28:19.079Z",
      "energy_kj": 5.93,
      "protein_g": 0.06,
      "fat_g": 0.0,
      "saturated_fatty_acids_g": 0.0,
      "sugar_g": 0.09,
      "sodium_mg": 0.0,
      "fruit_factor": 0.0,
      "carbohydrate_g": 0.28,
      "fibre_g": 0.02,
      "name": "Knoblauch in g",
      "measuring_unit": 3,
      "ingredient": 23,
      "quantity": 1.0,
      "rank": 2,
      "weight_g": 1.0
    }
  },
  {
    "model": "food.portion",
    "pk": 11,
    "fields": {
      "created_at": null,
      "updated_at": "2022-08-19T20:28:15.556Z",
      "energy_kj": 23.72,
      "protein_g": 0.24,
      "fat_g": 0.0,
      "saturated_fatty_acids_g": 0.0,
      "sugar_g": 0.34,
      "sodium_mg": 0.0,
      "fruit_factor": 0.0,
      "carbohydrate_g": 1.14,
      "fibre_g": 0.07,
      "name": "Knoblauchzehe",
      "measuring_unit": 3,
      "ingredient": 23,
      "quantity": 4.0,
      "rank": 1,
      "weight_g": 4.0
    }
  },
  {
    "model": "food.portion",
    "pk": 12,
    "fields": {
      "created_at": null,
      "updated_at": "2022-08-19T20:28:10.636Z",
      "energy_kj": 14.37,
      "protein_g": 0.06,
      "fat_g": 0.01,
      "saturated_fatty_acids_g": 0.0,
      "sugar_g": 0.01,
      "sodium_mg": 0.01,
      "fruit_factor": 0.0,
      "carbohydrate_g": 0.6,
      "fibre_g": 0.13,
      "name": "Vollkornnudeln in g",
      "measuring_unit": 3,
      "ingredient": 15,
      "quantity": 1.0,
      "rank": 1,
      "weight_g": 1.0
    }
  },
  {
    "model": "food.portion",
    "pk": 13,
    "fields": {
      "created_at": "2022-08-20T08:52:01.015Z",
      "updated_at": "2022-08-20T08:53:12.927Z",
      "energy_kj": 13.61,
      "protein_g": 0.1,
      "fat_g": 0.02,
      "saturated_fatty_acids_g": 0.0,
      "sugar_g": 0.01,
      "sodium_mg": 0.03,
      "fruit_factor": 0.0,
      "carbohydrate_g": 0.74,
      "fibre_g": 0.13,
      "name": "Vollkornmehl (Weizen) in g",
      "measuring_unit": 3,
      "ingredient": 35,
      "quantity": 1.0,
      "rank": 1,
      "weight_g": 1.0
    }
  },
  {
    "model": "food.portion",
    "pk": 14,
    "fields": {
      "created_at": "2022-08-20T08:57:20.748Z",
      "updated_at": "2022-08-20T08:57:20.748Z",
      "energy_kj": 14.8,
      "protein_g": 0.12,
      "fat_g": 0.02,
      "saturated_fatty_acids_g": 0.0,
      "sugar_g": 0.0,
      "sodium_mg": 0.02,
      "fruit_factor": 0.0,
      "carbohydrate_g": 0.73,
      "fibre_g": 0.02,
      "name": "Weizenmehl in g",
      "measuring_unit": 3,
      "ingredient": 36,
      "quantity": 1.0,
      "rank": 1,
      "weight_g": 1.0
    }
  },
  {
    "model": "food.portion",
    "pk": 15,
    "fields": {
      "created_at": "2022-08-20T09:37:04.697Z",
      "updated_at": "2022-08-20T09:37:04.697Z",
      "energy_kj": 9.76,
      "protein_g": 0.0,
      "fat_g": 0.22,
      "saturated_fatty_acids_g": 0.03,
      "sugar_g": 0.04,
      "sodium_mg": 8.27,
      "fruit_factor": 0.0,
      "carbohydrate_g": 0.09,
      "fibre_g": 0.0,
      "name": "Mayonnaise, fettzuduziert in g",
      "measuring_unit": 3,
      "ingredient": 34,
      "quantity": 1.0,
      "rank": 1,
      "weight_g": 1.0
    }
  },
  {
    "model": "food.portion",
    "pk": 16,
    "fields": {
      "created_at": "2022-08-20T09:39:16.247Z",
      "updated_at": "2022-08-20T09:39:16.247Z",
      "energy_kj": 7400.0,
      "protein_g": 59.9,
      "fat_g": 8.3,
      "saturated_fatty_acids_g": 1.22,
      "sugar_g": 1.55,
      "sodium_mg": 10.0,
      "fruit_factor": 0.0,
      "carbohydrate_g": 362.65,
      "fibre_g": 12.0,
      "name": "Weizenmehl 500g Paket",
      "measuring_unit": 3,
      "ingredient": 36,
      "quantity": 500.0,
      "rank": 1,
      "weight_g": 500.0
    }
  },
  {
    "model": "food.portion",
    "pk": 17,
    "fields": {
      "created_at": "2022-08-20T11:45:58.247Z",
      "updated_at": "2022-08-20T11:45:58.247Z",
      "energy_kj": 0.41,
      "protein_g": 0.01,
      "fat_g": 0.0,
      "saturated_fatty_acids_g": 0.0,
      "sugar_g": 0.01,
      "sodium_mg": 0.02,
      "fruit_factor": 0.0,
      "carbohydrate_g": 0.02,
      "fibre_g": 0.01,
      "name": "Gemüsegurke in g",
      "measuring_unit": 3,
      "ingredient": 30,
      "quantity": 1.0,
      "rank": 1,
      "weight_g": 1.0
    }
  },
  {
    "model": "food.portion",
    "pk": 18,
    "fields": {
      "created_at": "2022-08-20T11:45:58.249Z",
      "updated_at": "2022-08-20T11:46:23.028Z",
      "energy_kj": 143.5,
      "protein_g": 2.06,
      "fat_g": 0.56,
      "saturated_fatty_acids_g": 0.27,
      "sugar_g": 4.83,
      "sodium_mg": 7.0,
      "fruit_factor": 0.0,
      "carbohydrate_g": 7.56,
      "fibre_g": 2.45,
      "name": "Gemüsegurke Stück",
      "measuring_unit": 3,
      "ingredient": 30,
      "quantity": 350.0,
      "rank": 2,
      "weight_g": 350.0
    }
  },
  {
    "model": "food.portion",
    "pk": 19,
    "fields": {
      "created_at": "2022-08-20T11:47:34.674Z",
      "updated_at": "2022-08-20T11:47:34.674Z",
      "energy_kj": 418.2,
      "protein_g": 0.14,
      "fat_g": 11.23,
      "saturated_fatty_acids_g": 1.76,
      "sugar_g": 0.09,
      "sodium_mg": 95.25,
      "fruit_factor": 0.0,
      "carbohydrate_g": 0.09,
      "fibre_g": 0.0,
      "name": "Mayonnaise in EL",
      "measuring_unit": 1,
      "ingredient": 33,
      "quantity": 1.0,
      "rank": 1,
      "weight_g": 15.0
    }
  },
  {
    "model": "food.portion",
    "pk": 20,
    "fields": {
      "created_at": "2022-08-20T11:47:34.675Z",
      "updated_at": "2022-08-20T11:47:34.675Z",
      "energy_kj": 27.88,
      "protein_g": 0.01,
      "fat_g": 0.75,
      "saturated_fatty_acids_g": 0.12,
      "sugar_g": 0.01,
      "sodium_mg": 6.35,
      "fruit_factor": 0.0,
      "carbohydrate_g": 0.01,
      "fibre_g": 0.0,
      "name": "Mayonnaise in g",
      "measuring_unit": 3,
      "ingredient": 33,
      "quantity": 1.0,
      "rank": 2,
      "weight_g": 1.0
    }
  },
  {
    "model": "food.portion",
    "pk": 21,
    "fields": {
      "created_at": "2022-08-20T11:47:34.676Z",
      "updated_at": "2022-08-20T11:47:34.676Z",
      "energy_kj": 6970.0,
      "protein_g": 2.4,
      "fat_g": 187.12,
      "saturated_fatty_acids_g": 29.26,
      "sugar_g": 1.43,
      "sodium_mg": 1587.5,
      "fruit_factor": 0.0,
      "carbohydrate_g": 1.43,
      "fibre_g": 0.0,
      "name": "Mayonnaise im Glas",
      "measuring_unit": 3,
      "ingredient": 33,
      "quantity": 250.0,
      "rank": 3,
      "weight_g": 250.0
    }
  },
  {
    "model": "food.portion",
    "pk": 22,
    "fields": {
      "created_at": "2022-08-20T17:37:11.577Z",
      "updated_at": "2022-08-20T17:37:11.577Z",
      "energy_kj": 0.0,
      "protein_g": 0.0,
      "fat_g": 0.82,
      "saturated_fatty_acids_g": 0.46,
      "sugar_g": 0.0,
      "sodium_mg": 5.24,
      "fruit_factor": 0.0,
      "carbohydrate_g": 0.0,
      "fibre_g": 0.0,
      "name": "Butter, gesalzen in g",
      "measuring_unit": 3,
      "ingredient": 37,
      "quantity": 1.0,
      "rank": 1,
      "weight_g": 1.0
    }
  },
  {
    "model": "food.portion",
    "pk": 23,
    "fields": {
      "created_at": "2022-08-20T17:39:26.044Z",
      "updated_at": "2022-08-20T17:39:26.044Z",
      "energy_kj": 16.73,
      "protein_g": 0.23,
      "fat_g": 0.34,
      "saturated_fatty_acids_g": 0.19,
      "sugar_g": 0.0,
      "sodium_mg": 6.54,
      "fruit_factor": 0.0,
      "carbohydrate_g": 0.02,
      "fibre_g": 0.0,
      "name": "Cheddar Käse in g",
      "measuring_unit": 3,
      "ingredient": 38,
      "quantity": 1.0,
      "rank": 1,
      "weight_g": 1.0
    }
  },
  {
    "model": "food.portion",
    "pk": 24,
    "fields": {
      "created_at": "2022-08-20T17:40:02.876Z",
      "updated_at": "2022-08-20T17:40:02.876Z",
      "energy_kj": 2.46,
      "protein_g": 0.03,
      "fat_g": 0.03,
      "saturated_fatty_acids_g": 0.02,
      "sugar_g": 0.0,
      "sodium_mg": 0.38,
      "fruit_factor": 0.0,
      "carbohydrate_g": 0.05,
      "fibre_g": 0.0,
      "name": "Milch in g",
      "measuring_unit": 3,
      "ingredient": 39,
      "quantity": 1.0,
      "rank": 1,
      "weight_g": 1.0
    }
  },
  {
    "model": "food.portion",
    "pk": 25,
    "fields": {
      "created_at": "2022-08-20T17:41:27.387Z",
      "updated_at": "2022-08-20T17:41:27.387Z",
      "energy_kj": 1.76,
      "protein_g": 0.03,
      "fat_g": 0.01,
      "saturated_fatty_acids_g": 0.01,
      "sugar_g": 0.0,
      "sodium_mg": 0.39,
      "fruit_factor": 0.0,
      "carbohydrate_g": 0.05,
      "fibre_g": 0.0,
      "name": "Milch, fettarm in g",
      "measuring_unit": 3,
      "ingredient": 40,
      "quantity": 1.0,
      "rank": 1,
      "weight_g": 1.0
    }
  },
  {
    "model": "food.portion",
    "pk": 26,
    "fields": {
      "created_at": "2022-08-20T17:41:50.495Z",
      "updated_at": "2022-08-20T17:41:50.495Z",
      "energy_kj": 0.0,
      "protein_g": 0.0,
      "fat_g": 0.0,
      "saturated_fatty_acids_g": 0.0,
      "sugar_g": 0.0,
      "sodium_mg": 0.0,
      "fruit_factor": 0.0,
      "carbohydrate_g": 0.0,
      "fibre_g": 0.0,
      "name": "Ei in g",
      "measuring_unit": 3,
      "ingredient": 41,
      "quantity": 1.0,
      "rank": 1,
      "weight_g": 1.0
    }
  },
  {
    "model": "food.portion",
    "pk": 27,
    "fields": {
      "created_at": "2022-08-20T17:43:14.699Z",
      "updated_at": "2022-08-20T17:43:14.699Z",
      "energy_kj": 2.5,
      "protein_g": 0.04,
      "fat_g": 0.03,
      "saturated_fatty_acids_g": 0.0,
      "sugar_g": 0.0,
      "sodium_mg": 11.0,
      "fruit_factor": 0.0,
      "carbohydrate_g": 0.05,
      "fibre_g": 0.04,
      "name": "Senf in g",
      "measuring_unit": 3,
      "ingredient": 42,
      "quantity": 1.0,
      "rank": 1,
      "weight_g": 1.0
    }
  },
  {
    "model": "food.portion",
    "pk": 28,
    "fields": {
      "created_at": "2022-08-20T17:44:14.868Z",
      "updated_at": "2022-08-20T17:44:14.868Z",
      "energy_kj": 0.0,
      "protein_g": 0.0,
      "fat_g": 0.0,
      "saturated_fatty_acids_g": 0.07,
      "sugar_g": 0.0,
      "sodium_mg": 0.0,
      "fruit_factor": 0.0,
      "carbohydrate_g": 0.0,
      "fibre_g": 0.0,
      "name": "Öl, Raps in g",
      "measuring_unit": 3,
      "ingredient": 43,
      "quantity": 1.0,
      "rank": 1,
      "weight_g": 1.0
    }
  },
  {
    "model": "food.portion",
    "pk": 29,
    "fields": {
      "created_at": "2022-08-20T17:45:05.892Z",
      "updated_at": "2022-08-20T17:45:05.892Z",
      "energy_kj": 6.81,
      "protein_g": 0.32,
      "fat_g": 0.03,
      "saturated_fatty_acids_g": 0.01,
      "sugar_g": 0.0,
      "sodium_mg": 0.47,
      "fruit_factor": 0.0,
      "carbohydrate_g": 0.0,
      "fibre_g": 0.0,
      "name": "Hähnchenfleisch in g",
      "measuring_unit": 3,
      "ingredient": 44,
      "quantity": 1.0,
      "rank": 1,
      "weight_g": 1.0
    }
  },
  {
    "model": "food.portion",
    "pk": 30,
    "fields": {
      "created_at": "2022-08-20T17:45:53.749Z",
      "updated_at": "2022-08-20T17:45:53.749Z",
      "energy_kj": 4.96,
      "protein_g": 0.2,
      "fat_g": 0.04,
      "saturated_fatty_acids_g": 0.01,
      "sugar_g": 0.0,
      "sodium_mg": 10.3,
      "fruit_factor": 0.0,
      "carbohydrate_g": 0.02,
      "fibre_g": 0.0,
      "name": "Schinken in g",
      "measuring_unit": 3,
      "ingredient": 45,
      "quantity": 1.0,
      "rank": 1,
      "weight_g": 1.0
    }
  },
  {
    "model": "food.portion",
    "pk": 31,
    "fields": {
      "created_at": "2022-08-20T17:46:08.088Z",
      "updated_at": "2022-08-20T17:46:08.088Z",
      "energy_kj": 0.0,
      "protein_g": 0.0,
      "fat_g": 0.0,
      "saturated_fatty_acids_g": 0.0,
      "sugar_g": 0.0,
      "sodium_mg": 0.0,
      "fruit_factor": 0.0,
      "carbohydrate_g": 0.0,
      "fibre_g": 0.0,
      "name": "Banane in g",
      "measuring_unit": 3,
      "ingredient": 46,
      "quantity": 1.0,
      "rank": 1,
      "weight_g": 1.0
    }
  },
  {
    "model": "food.portion",
    "pk": 32,
    "fields": {
      "created_at": "2022-08-20T17:46:59.794Z",
      "updated_at": "2022-08-20T17:46:59.794Z",
      "energy_kj": 10.21,
      "protein_g": 0.03,
      "fat_g": 0.01,
      "saturated_fatty_acids_g": 0.0,
      "sugar_g": 0.0,
      "sodium_mg": 0.1,
      "fruit_factor": 0.0,
      "carbohydrate_g": 0.64,
      "fibre_g": 0.1,
      "name": "Feige in g",
      "measuring_unit": 3,
      "ingredient": 47,
      "quantity": 1.0,
      "rank": 1,
      "weight_g": 1.0
    }
  },
  {
    "model": "food.portion",
    "pk": 33,
    "fields": {
      "created_at": "2022-08-20T17:47:50.056Z",
      "updated_at": "2022-08-20T17:47:50.056Z",
      "energy_kj": 2.58,
      "protein_g": 0.01,
      "fat_g": 0.0,
      "saturated_fatty_acids_g": 0.0,
      "sugar_g": 0.0,
      "sodium_mg": 0.0,
      "fruit_factor": 0.0,
      "carbohydrate_g": 0.15,
      "fibre_g": 0.0,
      "name": "Blaubeere in g",
      "measuring_unit": 3,
      "ingredient": 48,
      "quantity": 1.0,
      "rank": 1,
      "weight_g": 1.0
    }
  },
  {
    "model": "food.portion",
    "pk": 34,
    "fields": {
      "created_at": "2022-08-20T17:48:19.752Z",
      "updated_at": "2022-08-20T17:48:19.752Z",
      "energy_kj": 2.38,
      "protein_g": 0.01,
      "fat_g": 0.0,
      "saturated_fatty_acids_g": 0.0,
      "sugar_g": 0.0,
      "sodium_mg": 0.05,
      "fruit_factor": 0.0,
      "carbohydrate_g": 0.14,
      "fibre_g": 0.03,
      "name": "Kiwi in g",
      "measuring_unit": 3,
      "ingredient": 49,
      "quantity": 1.0,
      "rank": 1,
      "weight_g": 1.0
    }
  },
  {
    "model": "food.portion",
    "pk": 35,
    "fields": {
      "created_at": "2022-08-20T17:48:46.842Z",
      "updated_at": "2022-08-20T17:48:46.842Z",
      "energy_kj": 1.39,
      "protein_g": 0.01,
      "fat_g": 0.0,
      "saturated_fatty_acids_g": 0.0,
      "sugar_g": 0.0,
      "sodium_mg": 0.3,
      "fruit_factor": 0.0,
      "carbohydrate_g": 0.08,
      "fibre_g": 0.01,
      "name": "Melone in g",
      "measuring_unit": 3,
      "ingredient": 50,
      "quantity": 1.0,
      "rank": 1,
      "weight_g": 1.0
    }
  },
  {
    "model": "food.portion",
    "pk": 36,
    "fields": {
      "created_at": "2022-08-20T17:49:12.388Z",
      "updated_at": "2022-08-20T17:49:12.388Z",
      "energy_kj": 0.0,
      "protein_g": 0.0,
      "fat_g": 0.0,
      "saturated_fatty_acids_g": 0.0,
      "sugar_g": 0.0,
      "sodium_mg": 0.0,
      "fruit_factor": 0.0,
      "carbohydrate_g": 0.0,
      "fibre_g": 0.0,
      "name": "Orangensaft, frisch in g",
      "measuring_unit": 3,
      "ingredient": 51,
      "quantity": 1.0,
      "rank": 1,
      "weight_g": 1.0
    }
  },
  {
    "model": "food.portion",
    "pk": 37,
    "fields": {
      "created_at": "2022-08-20T17:49:35.431Z",
      "updated_at": "2022-08-20T17:49:35.431Z",
      "energy_kj": 1.93,
      "protein_g": 0.01,
      "fat_g": 0.0,
      "saturated_fatty_acids_g": 0.0,
      "sugar_g": 0.0,
      "sodium_mg": 0.09,
      "fruit_factor": 0.0,
      "carbohydrate_g": 0.12,
      "fibre_g": 0.02,
      "name": "Orange in g",
      "measuring_unit": 3,
      "ingredient": 52,
      "quantity": 1.0,
      "rank": 1,
      "weight_g": 1.0
    }
  },
  {
    "model": "food.portion",
    "pk": 38,
    "fields": {
      "created_at": "2022-08-20T17:50:06.386Z",
      "updated_at": "2022-08-20T17:50:06.386Z",
      "energy_kj": 1.6,
      "protein_g": 0.01,
      "fat_g": 0.0,
      "saturated_fatty_acids_g": 0.0,
      "sugar_g": 0.0,
      "sodium_mg": 0.13,
      "fruit_factor": 0.0,
      "carbohydrate_g": 0.09,
      "fibre_g": 0.01,
      "name": "Nektarine in g",
      "measuring_unit": 3,
      "ingredient": 53,
      "quantity": 1.0,
      "rank": 1,
      "weight_g": 1.0
    }
  },
  {
    "model": "food.portion",
    "pk": 39,
    "fields": {
      "created_at": "2022-08-20T17:50:48.136Z",
      "updated_at": "2022-08-20T17:50:48.136Z",
      "energy_kj": 0.0,
      "protein_g": 0.0,
      "fat_g": 0.0,
      "saturated_fatty_acids_g": 0.0,
      "sugar_g": 0.0,
      "sodium_mg": 0.0,
      "fruit_factor": 0.0,
      "carbohydrate_g": 0.0,
      "fibre_g": 0.0,
      "name": "Birne in g",
      "measuring_unit": 3,
      "ingredient": 54,
      "quantity": 1.0,
      "rank": 1,
      "weight_g": 1.0
    }
  },
  {
    "model": "food.portion",
    "pk": 40,
    "fields": {
      "created_at": "2022-08-20T17:51:02.777Z",
      "updated_at": "2022-08-20T18:35:23.963Z",
      "energy_kj": 1.97,
      "protein_g": 0.0,
      "fat_g": 0.0,
      "saturated_fatty_acids_g": 0.0,
      "sugar_g": 0.0,
      "sodium_mg": 0.05,
      "fruit_factor": 0.0,
      "carbohydrate_g": 0.11,
      "fibre_g": 0.0,
      "name": "Apfelsaft in ml",
      "measuring_unit": 5,
      "ingredient": 55,
      "quantity": 1.0,
      "rank": 1,
      "weight_g": 1.0
    }
  },
  {
    "model": "food.portion",
    "pk": 41,
    "fields": {
      "created_at": "2022-08-20T17:51:38.689Z",
      "updated_at": "2022-08-20T17:51:38.689Z",
      "energy_kj": 1.48,
      "protein_g": 0.01,
      "fat_g": 0.0,
      "saturated_fatty_acids_g": 0.0,
      "sugar_g": 0.0,
      "sodium_mg": 0.0,
      "fruit_factor": 0.0,
      "carbohydrate_g": 0.08,
      "fibre_g": 0.0,
      "name": "Erdbeere in g",
      "measuring_unit": 3,
      "ingredient": 56,
      "quantity": 1.0,
      "rank": 1,
      "weight_g": 1.0
    }
  },
  {
    "model": "food.portion",
    "pk": 42,
    "fields": {
      "created_at": "2022-08-20T17:51:56.746Z",
      "updated_at": "2022-08-20T17:51:56.746Z",
      "energy_kj": 2.34,
      "protein_g": 0.01,
      "fat_g": 0.0,
      "saturated_fatty_acids_g": 0.0,
      "sugar_g": 0.0,
      "sodium_mg": 0.0,
      "fruit_factor": 0.0,
      "carbohydrate_g": 0.13,
      "fibre_g": 0.0,
      "name": "Himbeere in g",
      "measuring_unit": 3,
      "ingredient": 57,
      "quantity": 1.0,
      "rank": 1,
      "weight_g": 1.0
    }
  },
  {
    "model": "food.portion",
    "pk": 43,
    "fields": {
      "created_at": "2022-08-20T17:51:57.709Z",
      "updated_at": "2022-08-20T17:51:57.709Z",
      "energy_kj": 2.34,
      "protein_g": 0.01,
      "fat_g": 0.0,
      "saturated_fatty_acids_g": 0.0,
      "sugar_g": 0.0,
      "sodium_mg": 0.0,
      "fruit_factor": 0.0,
      "carbohydrate_g": 0.13,
      "fibre_g": 0.0,
      "name": "Himbeere in g",
      "measuring_unit": 3,
      "ingredient": 58,
      "quantity": 1.0,
      "rank": 1,
      "weight_g": 1.0
    }
  },
  {
    "model": "food.portion",
    "pk": 44,
    "fields": {
      "created_at": "2022-08-20T17:52:37.335Z",
      "updated_at": "2022-08-20T17:52:37.335Z",
      "energy_kj": 1.72,
      "protein_g": 0.01,
      "fat_g": 0.0,
      "saturated_fatty_acids_g": 0.0,
      "sugar_g": 0.0,
      "sodium_mg": 0.13,
      "fruit_factor": 0.0,
      "carbohydrate_g": 0.1,
      "fibre_g": 0.01,
      "name": "Pfirsich in g",
      "measuring_unit": 3,
      "ingredient": 59,
      "quantity": 1.0,
      "rank": 1,
      "weight_g": 1.0
    }
  },
  {
    "model": "food.portion",
    "pk": 45,
    "fields": {
      "created_at": "2022-08-20T17:53:51.627Z",
      "updated_at": "2022-08-20T17:53:51.627Z",
      "energy_kj": 2.62,
      "protein_g": 0.0,
      "fat_g": 0.0,
      "saturated_fatty_acids_g": 0.0,
      "sugar_g": 0.13,
      "sodium_mg": 0.01,
      "fruit_factor": 0.0,
      "carbohydrate_g": 0.16,
      "fibre_g": 0.02,
      "name": "Apfel in g",
      "measuring_unit": 3,
      "ingredient": 4,
      "quantity": 1.0,
      "rank": 2,
      "weight_g": 1.0
    }
  },
  {
    "model": "food.portion",
    "pk": 46,
    "fields": {
      "created_at": "2022-08-20T17:53:51.628Z",
      "updated_at": "2022-08-20T17:53:51.628Z",
      "energy_kj": 524.0,
      "protein_g": 0.3,
      "fat_g": 0.33,
      "saturated_fatty_acids_g": 0.0,
      "sugar_g": 26.66,
      "sodium_mg": 2.03,
      "fruit_factor": 0.0,
      "carbohydrate_g": 31.3,
      "fibre_g": 4.15,
      "name": "Apfel Stück",
      "measuring_unit": 3,
      "ingredient": 4,
      "quantity": 200.0,
      "rank": 1,
      "weight_g": 200.0
    }
  },
  {
    "model": "food.portion",
    "pk": 47,
    "fields": {
      "created_at": "2022-08-20T17:54:26.304Z",
      "updated_at": "2022-08-20T17:54:26.304Z",
      "energy_kj": 0.0,
      "protein_g": 0.0,
      "fat_g": 0.0,
      "saturated_fatty_acids_g": 0.0,
      "sugar_g": 0.0,
      "sodium_mg": 0.0,
      "fruit_factor": 0.0,
      "carbohydrate_g": 0.0,
      "fibre_g": 0.0,
      "name": "Grünkohl in g",
      "measuring_unit": 3,
      "ingredient": 60,
      "quantity": 1.0,
      "rank": 1,
      "weight_g": 1.0
    }
  },
  {
    "model": "food.portion",
    "pk": 48,
    "fields": {
      "created_at": "2022-08-20T17:55:12.547Z",
      "updated_at": "2022-08-20T17:55:12.547Z",
      "energy_kj": 0.0,
      "protein_g": 0.0,
      "fat_g": 0.0,
      "saturated_fatty_acids_g": 0.0,
      "sugar_g": 0.0,
      "sodium_mg": 0.0,
      "fruit_factor": 0.0,
      "carbohydrate_g": 0.0,
      "fibre_g": 0.0,
      "name": "Möhre in g",
      "measuring_unit": 3,
      "ingredient": 61,
      "quantity": 1.0,
      "rank": 1,
      "weight_g": 1.0
    }
  },
  {
    "model": "food.portion",
    "pk": 49,
    "fields": {
      "created_at": "2022-08-20T17:55:51.262Z",
      "updated_at": "2022-08-20T17:55:51.262Z",
      "energy_kj": 1.27,
      "protein_g": 0.03,
      "fat_g": 0.0,
      "saturated_fatty_acids_g": 0.0,
      "sugar_g": 0.0,
      "sodium_mg": 0.36,
      "fruit_factor": 0.0,
      "carbohydrate_g": 0.06,
      "fibre_g": 0.02,
      "name": "Brokolli in g",
      "measuring_unit": 3,
      "ingredient": 62,
      "quantity": 1.0,
      "rank": 1,
      "weight_g": 1.0
    }
  },
  {
    "model": "food.portion",
    "pk": 50,
    "fields": {
      "created_at": "2022-08-20T17:56:24.526Z",
      "updated_at": "2022-08-20T17:56:24.527Z",
      "energy_kj": 0.86,
      "protein_g": 0.01,
      "fat_g": 0.0,
      "saturated_fatty_acids_g": 0.0,
      "sugar_g": 0.0,
      "sodium_mg": 2.82,
      "fruit_factor": 0.0,
      "carbohydrate_g": 0.04,
      "fibre_g": 0.0,
      "name": "Bohnen in g",
      "measuring_unit": 3,
      "ingredient": 63,
      "quantity": 1.0,
      "rank": 1,
      "weight_g": 1.0
    }
  },
  {
    "model": "food.portion",
    "pk": 51,
    "fields": {
      "created_at": "2022-08-20T17:57:28.477Z",
      "updated_at": "2022-08-20T17:57:28.477Z",
      "energy_kj": 20.5,
      "protein_g": 0.41,
      "fat_g": 0.36,
      "saturated_fatty_acids_g": 0.13,
      "sugar_g": 0.0,
      "sodium_mg": 18.3,
      "fruit_factor": 0.0,
      "carbohydrate_g": 0.02,
      "fibre_g": 0.0,
      "name": "Speck in g",
      "measuring_unit": 3,
      "ingredient": 64,
      "quantity": 1.0,
      "rank": 1,
      "weight_g": 1.0
    }
  },
  {
    "model": "food.portion",
    "pk": 52,
    "fields": {
      "created_at": "2022-08-20T17:57:50.367Z",
      "updated_at": "2022-08-20T17:57:50.367Z",
      "energy_kj": 5.33,
      "protein_g": 0.01,
      "fat_g": 0.13,
      "saturated_fatty_acids_g": 0.02,
      "sugar_g": 0.0,
      "sodium_mg": 16.2,
      "fruit_factor": 0.0,
      "carbohydrate_g": 0.05,
      "fibre_g": 0.04,
      "name": "Oliven in g",
      "measuring_unit": 3,
      "ingredient": 65,
      "quantity": 1.0,
      "rank": 1,
      "weight_g": 1.0
    }
  },
  {
    "model": "food.portion",
    "pk": 53,
    "fields": {
      "created_at": "2022-08-20T17:58:13.751Z",
      "updated_at": "2022-08-20T17:58:13.751Z",
      "energy_kj": 1.8,
      "protein_g": 0.02,
      "fat_g": 0.0,
      "saturated_fatty_acids_g": 0.0,
      "sugar_g": 0.0,
      "sodium_mg": 0.01,
      "fruit_factor": 0.0,
      "carbohydrate_g": 0.08,
      "fibre_g": 0.0,
      "name": "Champions in g",
      "measuring_unit": 3,
      "ingredient": 66,
      "quantity": 1.0,
      "rank": 1,
      "weight_g": 1.0
    }
  },
  {
    "model": "food.portion",
    "pk": 54,
    "fields": {
      "created_at": "2022-08-20T17:59:12.419Z",
      "updated_at": "2022-08-20T17:59:12.419Z",
      "energy_kj": 0.7,
      "protein_g": 0.01,
      "fat_g": 0.0,
      "saturated_fatty_acids_g": 0.0,
      "sugar_g": 0.0,
      "sodium_mg": 0.0,
      "fruit_factor": 0.0,
      "carbohydrate_g": 0.03,
      "fibre_g": 0.02,
      "name": "Kopfsalat in g",
      "measuring_unit": 3,
      "ingredient": 67,
      "quantity": 1.0,
      "rank": 1,
      "weight_g": 1.0
    }
  },
  {
    "model": "food.portion",
    "pk": 55,
    "fields": {
      "created_at": "2022-08-20T18:00:29.458Z",
      "updated_at": "2022-08-20T18:00:29.458Z",
      "energy_kj": 0.9,
      "protein_g": 0.01,
      "fat_g": 0.0,
      "saturated_fatty_acids_g": 0.0,
      "sugar_g": 0.0,
      "sodium_mg": 0.0,
      "fruit_factor": 0.0,
      "carbohydrate_g": 0.05,
      "fibre_g": 0.01,
      "name": "Paprika in g",
      "measuring_unit": 3,
      "ingredient": 68,
      "quantity": 1.0,
      "rank": 1,
      "weight_g": 1.0
    }
  },
  {
    "model": "food.portion",
    "pk": 56,
    "fields": {
      "created_at": "2022-08-20T18:01:42.382Z",
      "updated_at": "2022-08-20T18:01:42.382Z",
      "energy_kj": 1.11,
      "protein_g": 0.03,
      "fat_g": 0.01,
      "saturated_fatty_acids_g": 0.0,
      "sugar_g": 0.0,
      "sodium_mg": 1.07,
      "fruit_factor": 0.0,
      "carbohydrate_g": 0.03,
      "fibre_g": 0.02,
      "name": "Spinat in g",
      "measuring_unit": 3,
      "ingredient": 69,
      "quantity": 1.0,
      "rank": 1,
      "weight_g": 1.0
    }
  },
  {
    "model": "food.portion",
    "pk": 57,
    "fields": {
      "created_at": "2022-08-20T18:01:56.617Z",
      "updated_at": "2022-08-20T18:01:56.617Z",
      "energy_kj": 0.0,
      "protein_g": 0.0,
      "fat_g": 0.0,
      "saturated_fatty_acids_g": 0.0,
      "sugar_g": 0.0,
      "sodium_mg": 0.0,
      "fruit_factor": 0.0,
      "carbohydrate_g": 0.0,
      "fibre_g": 0.0,
      "name": "Tomatensaft in g",
      "measuring_unit": 3,
      "ingredient": 70,
      "quantity": 1.0,
      "rank": 1,
      "weight_g": 1.0
    }
  },
  {
    "model": "food.portion",
    "pk": 58,
    "fields": {
      "created_at": "2022-08-20T18:02:58.389Z",
      "updated_at": "2022-08-20T18:02:58.389Z",
      "energy_kj": 0.49,
      "protein_g": 0.0,
      "fat_g": 0.0,
      "saturated_fatty_acids_g": 0.0,
      "sugar_g": 0.0,
      "sodium_mg": 8.08,
      "fruit_factor": 0.0,
      "carbohydrate_g": 0.02,
      "fibre_g": 0.01,
      "name": "Essiggurke in g",
      "measuring_unit": 3,
      "ingredient": 71,
      "quantity": 1.0,
      "rank": 1,
      "weight_g": 1.0
    }
  },
  {
    "model": "food.portion",
    "pk": 59,
    "fields": {
      "created_at": "2022-08-20T18:03:13.084Z",
      "updated_at": "2022-08-20T18:03:13.084Z",
      "energy_kj": 4.8,
      "protein_g": 0.01,
      "fat_g": 0.01,
      "saturated_fatty_acids_g": 0.0,
      "sugar_g": 0.0,
      "sodium_mg": 9.49,
      "fruit_factor": 0.0,
      "carbohydrate_g": 0.27,
      "fibre_g": 0.0,
      "name": "Ketchup in g",
      "measuring_unit": 3,
      "ingredient": 72,
      "quantity": 1.0,
      "rank": 1,
      "weight_g": 1.0
    }
  },
  {
    "model": "food.portion",
    "pk": 60,
    "fields": {
      "created_at": "2022-08-20T18:03:33.234Z",
      "updated_at": "2022-08-20T18:03:33.234Z",
      "energy_kj": 26.44,
      "protein_g": 0.21,
      "fat_g": 0.53,
      "saturated_fatty_acids_g": 0.04,
      "sugar_g": 0.0,
      "sodium_mg": 0.01,
      "fruit_factor": 0.0,
      "carbohydrate_g": 0.21,
      "fibre_g": 0.1,
      "name": "Mandelbutter in g",
      "measuring_unit": 3,
      "ingredient": 73,
      "quantity": 1.0,
      "rank": 1,
      "weight_g": 1.0
    }
  },
  {
    "model": "food.portion",
    "pk": 61,
    "fields": {
      "created_at": "2022-08-20T18:05:13.709Z",
      "updated_at": "2022-08-20T18:05:13.709Z",
      "energy_kj": 22.34,
      "protein_g": 0.18,
      "fat_g": 0.37,
      "saturated_fatty_acids_g": 0.03,
      "sugar_g": 0.0,
      "sodium_mg": 0.37,
      "fruit_factor": 0.0,
      "carbohydrate_g": 0.34,
      "fibre_g": 0.23,
      "name": "Leinensamen in g",
      "measuring_unit": 3,
      "ingredient": 74,
      "quantity": 1.0,
      "rank": 1,
      "weight_g": 1.0
    }
  },
  {
    "model": "food.portion",
    "pk": 62,
    "fields": {
      "created_at": "2022-08-20T18:05:40.764Z",
      "updated_at": "2022-08-20T18:05:40.764Z",
      "energy_kj": 25.09,
      "protein_g": 0.21,
      "fat_g": 0.56,
      "saturated_fatty_acids_g": 0.05,
      "sugar_g": 0.0,
      "sodium_mg": 5.32,
      "fruit_factor": 0.0,
      "carbohydrate_g": 0.17,
      "fibre_g": 0.1,
      "name": "Sonnenblumenkerne in g",
      "measuring_unit": 3,
      "ingredient": 75,
      "quantity": 1.0,
      "rank": 1,
      "weight_g": 1.0
    }
  },
  {
    "model": "food.portion",
    "pk": 63,
    "fields": {
      "created_at": "2022-08-20T18:06:24.540Z",
      "updated_at": "2022-08-20T18:06:24.540Z",
      "energy_kj": 25.42,
      "protein_g": 0.2,
      "fat_g": 0.58,
      "saturated_fatty_acids_g": 0.05,
      "sugar_g": 0.0,
      "sodium_mg": 2.56,
      "fruit_factor": 0.0,
      "carbohydrate_g": 0.16,
      "fibre_g": 0.11,
      "name": "Mandeln, geröstet in g",
      "measuring_unit": 3,
      "ingredient": 76,
      "quantity": 1.0,
      "rank": 1,
      "weight_g": 1.0
    }
  },
  {
    "model": "food.portion",
    "pk": 64,
    "fields": {
      "created_at": "2022-08-20T18:06:57.022Z",
      "updated_at": "2022-08-20T18:06:57.023Z",
      "energy_kj": 5.94,
      "protein_g": 0.23,
      "fat_g": 0.05,
      "saturated_fatty_acids_g": 0.02,
      "sugar_g": 0.0,
      "sodium_mg": 0.43,
      "fruit_factor": 0.0,
      "carbohydrate_g": 0.0,
      "fibre_g": 0.0,
      "name": "Rindfleisch in g",
      "measuring_unit": 3,
      "ingredient": 77,
      "quantity": 1.0,
      "rank": 1,
      "weight_g": 1.0
    }
  },
  {
    "model": "food.portion",
    "pk": 65,
    "fields": {
      "created_at": "2022-08-20T18:07:26.336Z",
      "updated_at": "2022-08-20T18:07:26.336Z",
      "energy_kj": 0.57,
      "protein_g": 0.01,
      "fat_g": 0.01,
      "saturated_fatty_acids_g": 0.0,
      "sugar_g": 0.0,
      "sodium_mg": 0.6,
      "fruit_factor": 0.0,
      "carbohydrate_g": 0.0,
      "fibre_g": 0.0,
      "name": "Mandelmilch in g",
      "measuring_unit": 3,
      "ingredient": 78,
      "quantity": 1.0,
      "rank": 1,
      "weight_g": 1.0
    }
  },
  {
    "model": "food.portion",
    "pk": 66,
    "fields": {
      "created_at": "2022-08-20T18:07:59.728Z",
      "updated_at": "2022-08-20T18:07:59.728Z",
      "energy_kj": 0.0,
      "protein_g": 0.0,
      "fat_g": 0.0,
      "saturated_fatty_acids_g": 0.0,
      "sugar_g": 0.0,
      "sodium_mg": 0.0,
      "fruit_factor": 0.0,
      "carbohydrate_g": 0.0,
      "fibre_g": 0.0,
      "name": "Schellfisch in g",
      "measuring_unit": 3,
      "ingredient": 79,
      "quantity": 1.0,
      "rank": 1,
      "weight_g": 1.0
    }
  },
  {
    "model": "food.portion",
    "pk": 67,
    "fields": {
      "created_at": "2022-08-20T18:09:39.771Z",
      "updated_at": "2022-08-20T18:09:39.771Z",
      "energy_kj": 3.69,
      "protein_g": 0.19,
      "fat_g": 0.01,
      "saturated_fatty_acids_g": 0.0,
      "sugar_g": 0.0,
      "sodium_mg": 2.19,
      "fruit_factor": 0.0,
      "carbohydrate_g": 0.0,
      "fibre_g": 0.0,
      "name": "Thunfisch in g",
      "measuring_unit": 3,
      "ingredient": 80,
      "quantity": 1.0,
      "rank": 1,
      "weight_g": 1.0
    }
  },
  {
    "model": "food.portion",
    "pk": 68,
    "fields": {
      "created_at": "2022-08-20T18:10:00.742Z",
      "updated_at": "2022-08-20T18:10:00.742Z",
      "energy_kj": 25.87,
      "protein_g": 0.24,
      "fat_g": 0.49,
      "saturated_fatty_acids_g": 0.08,
      "sugar_g": 0.0,
      "sodium_mg": 2.21,
      "fruit_factor": 0.0,
      "carbohydrate_g": 0.23,
      "fibre_g": 0.06,
      "name": "Erdnussbutter in g",
      "measuring_unit": 3,
      "ingredient": 81,
      "quantity": 1.0,
      "rank": 1,
      "weight_g": 1.0
    }
  },
  {
    "model": "food.portion",
    "pk": 69,
    "fields": {
      "created_at": "2022-08-20T18:11:46.960Z",
      "updated_at": "2022-08-20T18:11:46.960Z",
      "energy_kj": 14.88,
      "protein_g": 0.14,
      "fat_g": 0.03,
      "saturated_fatty_acids_g": 0.0,
      "sugar_g": 0.0,
      "sodium_mg": 0.0,
      "fruit_factor": 0.0,
      "carbohydrate_g": 0.71,
      "fibre_g": 0.09,
      "name": "Dinkelmehl in g",
      "measuring_unit": 3,
      "ingredient": 82,
      "quantity": 1.0,
      "rank": 1,
      "weight_g": 1.0
    }
  },
  {
    "model": "food.portion",
    "pk": 70,
    "fields": {
      "created_at": "2022-08-20T18:13:46.956Z",
      "updated_at": "2022-08-20T18:13:46.956Z",
      "energy_kj": 0.0,
      "protein_g": 0.0,
      "fat_g": 0.0,
      "saturated_fatty_acids_g": 0.0,
      "sugar_g": 0.0,
      "sodium_mg": 0.0,
      "fruit_factor": 0.0,
      "carbohydrate_g": 0.0,
      "fibre_g": 0.0,
      "name": "Brot, Vollkorn in g",
      "measuring_unit": 3,
      "ingredient": 83,
      "quantity": 1.0,
      "rank": 1,
      "weight_g": 1.0
    }
  },
  {
    "model": "food.portion",
    "pk": 71,
    "fields": {
      "created_at": "2022-08-20T18:14:21.389Z",
      "updated_at": "2022-08-20T18:14:21.389Z",
      "energy_kj": 11.07,
      "protein_g": 0.09,
      "fat_g": 0.04,
      "saturated_fatty_acids_g": 0.01,
      "sugar_g": 0.0,
      "sodium_mg": 4.77,
      "fruit_factor": 0.0,
      "carbohydrate_g": 0.49,
      "fibre_g": 0.02,
      "name": "Brot in g",
      "measuring_unit": 3,
      "ingredient": 84,
      "quantity": 1.0,
      "rank": 1,
      "weight_g": 1.0
    }
  },
  {
    "model": "food.portion",
    "pk": 72,
    "fields": {
      "created_at": "2022-08-20T18:14:34.097Z",
      "updated_at": "2022-08-20T18:14:34.097Z",
      "energy_kj": 15.78,
      "protein_g": 0.0,
      "fat_g": 0.0,
      "saturated_fatty_acids_g": 0.0,
      "sugar_g": 0.0,
      "sodium_mg": 0.01,
      "fruit_factor": 0.0,
      "carbohydrate_g": 1.0,
      "fibre_g": 0.0,
      "name": "Zucker, raffiniert in g",
      "measuring_unit": 3,
      "ingredient": 85,
      "quantity": 1.0,
      "rank": 1,
      "weight_g": 1.0
    }
  },
  {
    "model": "food.portion",
    "pk": 73,
    "fields": {
      "created_at": "2022-08-20T18:15:04.993Z",
      "updated_at": "2022-08-20T18:15:04.993Z",
      "energy_kj": 0.0,
      "protein_g": 0.24,
      "fat_g": 0.01,
      "saturated_fatty_acids_g": 0.0,
      "sugar_g": 0.0,
      "sodium_mg": 0.0,
      "fruit_factor": 0.0,
      "carbohydrate_g": 0.0,
      "fibre_g": 0.04,
      "name": "Bohne, schwarz in g",
      "measuring_unit": 3,
      "ingredient": 86,
      "quantity": 1.0,
      "rank": 1,
      "weight_g": 1.0
    }
  },
  {
    "model": "food.portion",
    "pk": 74,
    "fields": {
      "created_at": "2022-08-20T18:15:17.800Z",
      "updated_at": "2022-08-20T22:30:50.584Z",
      "energy_kj": 0.0,
      "protein_g": 0.26,
      "fat_g": 0.01,
      "saturated_fatty_acids_g": 0.0,
      "sugar_g": 0.0,
      "sodium_mg": 0.0,
      "fruit_factor": 0.0,
      "carbohydrate_g": 0.0,
      "fibre_g": 0.04,
      "name": "Bohne, Kidney in g",
      "measuring_unit": 3,
      "ingredient": 87,
      "quantity": 1.0,
      "rank": 2,
      "weight_g": 1.0
    }
  },
  {
    "model": "food.portion",
    "pk": 75,
    "fields": {
      "created_at": "2022-08-20T18:15:54.763Z",
      "updated_at": "2022-08-20T18:15:54.763Z",
      "energy_kj": 1.56,
      "protein_g": 0.04,
      "fat_g": 0.02,
      "saturated_fatty_acids_g": 0.0,
      "sugar_g": 0.0,
      "sodium_mg": 0.34,
      "fruit_factor": 0.0,
      "carbohydrate_g": 0.01,
      "fibre_g": 0.0,
      "name": "Sojamilch in g",
      "measuring_unit": 3,
      "ingredient": 88,
      "quantity": 1.0,
      "rank": 1,
      "weight_g": 1.0
    }
  },
  {
    "model": "food.portion",
    "pk": 76,
    "fields": {
      "created_at": "2022-08-20T18:16:12.279Z",
      "updated_at": "2022-08-20T18:16:12.279Z",
      "energy_kj": 9.39,
      "protein_g": 0.07,
      "fat_g": 0.17,
      "saturated_fatty_acids_g": 0.02,
      "sugar_g": 0.0,
      "sodium_mg": 4.38,
      "fruit_factor": 0.0,
      "carbohydrate_g": 0.15,
      "fibre_g": 0.05,
      "name": "Hummus in g",
      "measuring_unit": 3,
      "ingredient": 89,
      "quantity": 1.0,
      "rank": 1,
      "weight_g": 1.0
    }
  },
  {
    "model": "food.portion",
    "pk": 77,
    "fields": {
      "created_at": "2022-08-20T18:19:17.968Z",
      "updated_at": "2022-08-20T18:19:17.968Z",
      "energy_kj": 0.0,
      "protein_g": 0.0,
      "fat_g": 0.0,
      "saturated_fatty_acids_g": 0.09,
      "sugar_g": 0.0,
      "sodium_mg": 0.0,
      "fruit_factor": 0.0,
      "carbohydrate_g": 0.0,
      "fibre_g": 0.0,
      "name": "Öl, Sonnenblumen in g",
      "measuring_unit": 3,
      "ingredient": 90,
      "quantity": 1.0,
      "rank": 1,
      "weight_g": 1.0
    }
  },
  {
    "model": "food.portion",
    "pk": 78,
    "fields": {
      "created_at": "2022-08-20T18:19:49.245Z",
      "updated_at": "2022-08-20T21:53:57.093Z",
      "energy_kj": 1.8,
      "protein_g": 0.01,
      "fat_g": 0.0,
      "saturated_fatty_acids_g": 0.0,
      "sugar_g": 0.0,
      "sodium_mg": 0.01,
      "fruit_factor": 0.0,
      "carbohydrate_g": 0.1,
      "fibre_g": 0.02,
      "name": "Zwiebel, rot in g",
      "measuring_unit": 3,
      "ingredient": 91,
      "quantity": 1.0,
      "rank": 2,
      "weight_g": 1.0
    }
  },
  {
    "model": "food.portion",
    "pk": 79,
    "fields": {
      "created_at": "2022-08-20T18:20:19.829Z",
      "updated_at": "2022-08-20T18:20:19.829Z",
      "energy_kj": 14.92,
      "protein_g": 0.06,
      "fat_g": 0.02,
      "saturated_fatty_acids_g": 0.0,
      "sugar_g": 0.0,
      "sodium_mg": 0.0,
      "fruit_factor": 0.0,
      "carbohydrate_g": 0.81,
      "fibre_g": 0.04,
      "name": "Mehl, Mais in g",
      "measuring_unit": 3,
      "ingredient": 92,
      "quantity": 1.0,
      "rank": 1,
      "weight_g": 1.0
    }
  },
  {
    "model": "food.portion",
    "pk": 80,
    "fields": {
      "created_at": "2022-08-20T18:21:07.605Z",
      "updated_at": "2022-08-20T18:21:07.605Z",
      "energy_kj": 0.74,
      "protein_g": 0.01,
      "fat_g": 0.01,
      "saturated_fatty_acids_g": 0.0,
      "sugar_g": 0.0,
      "sodium_mg": 1.25,
      "fruit_factor": 0.0,
      "carbohydrate_g": 0.03,
      "fibre_g": 0.0,
      "name": "Tomaten, gewürfelt in g",
      "measuring_unit": 3,
      "ingredient": 93,
      "quantity": 1.0,
      "rank": 1,
      "weight_g": 1.0
    }
  },
  {
    "model": "food.portion",
    "pk": 81,
    "fields": {
      "created_at": "2022-08-27T17:06:30.948Z",
      "updated_at": "2022-08-27T17:06:30.948Z",
      "energy_kj": 15.78,
      "protein_g": 0.0,
      "fat_g": 0.0,
      "saturated_fatty_acids_g": 0.0,
      "sugar_g": 0.0,
      "sodium_mg": 0.01,
      "fruit_factor": 0.0,
      "carbohydrate_g": 1.0,
      "fibre_g": 0.0,
      "name": "Zucker, raffiniert in g",
      "measuring_unit": 3,
      "ingredient": 85,
      "quantity": 1.0,
      "rank": 1,
      "weight_g": 1.0
    }
  },
  {
    "model": "food.portion",
    "pk": 82,
    "fields": {
      "created_at": "2022-08-20T18:22:24.594Z",
      "updated_at": "2022-08-20T18:22:24.594Z",
      "energy_kj": 14.19,
      "protein_g": 0.19,
      "fat_g": 0.28,
      "saturated_fatty_acids_g": 0.09,
      "sugar_g": 0.0,
      "sodium_mg": 9.83,
      "fruit_factor": 0.0,
      "carbohydrate_g": 0.03,
      "fibre_g": 0.0,
      "name": "Wurst, Chorizo in g",
      "measuring_unit": 3,
      "ingredient": 95,
      "quantity": 1.0,
      "rank": 1,
      "weight_g": 1.0
    }
  },
  {
    "model": "food.portion",
    "pk": 83,
    "fields": {
      "created_at": "2022-08-20T18:23:14.638Z",
      "updated_at": "2022-08-20T18:23:14.638Z",
      "energy_kj": 1.31,
      "protein_g": 0.0,
      "fat_g": 0.0,
      "saturated_fatty_acids_g": 0.0,
      "sugar_g": 0.0,
      "sodium_mg": 0.06,
      "fruit_factor": 0.0,
      "carbohydrate_g": 0.07,
      "fibre_g": 0.0,
      "name": "Preiselbeerensaft in g",
      "measuring_unit": 3,
      "ingredient": 96,
      "quantity": 1.0,
      "rank": 1,
      "weight_g": 1.0
    }
  },
  {
    "model": "food.portion",
    "pk": 84,
    "fields": {
      "created_at": "2022-08-20T18:25:58.886Z",
      "updated_at": "2022-08-20T18:25:58.886Z",
      "energy_kj": 3.28,
      "protein_g": 0.01,
      "fat_g": 0.0,
      "saturated_fatty_acids_g": 0.0,
      "sugar_g": 0.0,
      "sodium_mg": 0.03,
      "fruit_factor": 0.0,
      "carbohydrate_g": 0.19,
      "fibre_g": 0.0,
      "name": "Weintrauben, grün in g",
      "measuring_unit": 3,
      "ingredient": 97,
      "quantity": 1.0,
      "rank": 1,
      "weight_g": 1.0
    }
  },
  {
    "model": "food.portion",
    "pk": 85,
    "fields": {
      "created_at": "2022-08-20T18:26:16.435Z",
      "updated_at": "2022-08-20T18:26:16.435Z",
      "energy_kj": 3.48,
      "protein_g": 0.01,
      "fat_g": 0.0,
      "saturated_fatty_acids_g": 0.0,
      "sugar_g": 0.0,
      "sodium_mg": 0.07,
      "fruit_factor": 0.0,
      "carbohydrate_g": 0.2,
      "fibre_g": 0.0,
      "name": "Weintrauben, rot in g",
      "measuring_unit": 3,
      "ingredient": 98,
      "quantity": 1.0,
      "rank": 1,
      "weight_g": 1.0
    }
  },
  {
    "model": "food.portion",
    "pk": 86,
    "fields": {
      "created_at": "2022-08-20T18:26:54.727Z",
      "updated_at": "2022-08-20T18:26:54.727Z",
      "energy_kj": 1.97,
      "protein_g": 0.01,
      "fat_g": 0.03,
      "saturated_fatty_acids_g": 0.0,
      "sugar_g": 0.0,
      "sodium_mg": 0.42,
      "fruit_factor": 0.0,
      "carbohydrate_g": 0.05,
      "fibre_g": 0.0,
      "name": "Hafermilch in g",
      "measuring_unit": 3,
      "ingredient": 99,
      "quantity": 1.0,
      "rank": 1,
      "weight_g": 1.0
    }
  },
  {
    "model": "food.portion",
    "pk": 87,
    "fields": {
      "created_at": "2022-08-20T18:27:46.034Z",
      "updated_at": "2022-08-20T18:27:46.034Z",
      "energy_kj": 15.95,
      "protein_g": 0.13,
      "fat_g": 0.06,
      "saturated_fatty_acids_g": 0.0,
      "sugar_g": 0.0,
      "sodium_mg": 0.04,
      "fruit_factor": 0.0,
      "carbohydrate_g": 0.7,
      "fibre_g": 0.1,
      "name": "Mehl, Hafer, Vollkorn in g",
      "measuring_unit": 3,
      "ingredient": 100,
      "quantity": 1.0,
      "rank": 1,
      "weight_g": 1.0
    }
  },
  {
    "model": "food.portion",
    "pk": 88,
    "fields": {
      "created_at": "2022-08-20T18:28:01.969Z",
      "updated_at": "2022-08-20T18:28:01.969Z",
      "energy_kj": 25.5,
      "protein_g": 0.26,
      "fat_g": 0.5,
      "saturated_fatty_acids_g": 0.0,
      "sugar_g": 0.0,
      "sodium_mg": 0.01,
      "fruit_factor": 0.0,
      "carbohydrate_g": 0.16,
      "fibre_g": 0.09,
      "name": "Mehl, Mandel in g",
      "measuring_unit": 3,
      "ingredient": 101,
      "quantity": 1.0,
      "rank": 1,
      "weight_g": 1.0
    }
  },
  {
    "model": "food.portion",
    "pk": 89,
    "fields": {
      "created_at": "2022-08-20T18:28:22.688Z",
      "updated_at": "2022-08-20T18:28:22.688Z",
      "energy_kj": 28.58,
      "protein_g": 0.2,
      "fat_g": 0.62,
      "saturated_fatty_acids_g": 0.09,
      "sugar_g": 0.0,
      "sodium_mg": 0.64,
      "fruit_factor": 0.0,
      "carbohydrate_g": 0.14,
      "fibre_g": 0.08,
      "name": "Sesambutter in g",
      "measuring_unit": 3,
      "ingredient": 102,
      "quantity": 1.0,
      "rank": 1,
      "weight_g": 1.0
    }
  },
  {
    "model": "food.portion",
    "pk": 90,
    "fields": {
      "created_at": "2022-08-20T18:28:46.164Z",
      "updated_at": "2022-08-20T18:28:46.164Z",
      "energy_kj": 1.68,
      "protein_g": 0.01,
      "fat_g": 0.0,
      "saturated_fatty_acids_g": 0.0,
      "sugar_g": 0.0,
      "sodium_mg": 0.01,
      "fruit_factor": 0.0,
      "carbohydrate_g": 0.09,
      "fibre_g": 0.0,
      "name": "Grapefruitsaft in g",
      "measuring_unit": 3,
      "ingredient": 103,
      "quantity": 1.0,
      "rank": 1,
      "weight_g": 1.0
    }
  },
  {
    "model": "food.portion",
    "pk": 91,
    "fields": {
      "created_at": "2022-08-20T18:35:52.892Z",
      "updated_at": "2022-08-20T18:35:52.892Z",
      "energy_kj": 16.0,
      "protein_g": 0.0,
      "fat_g": 0.0,
      "saturated_fatty_acids_g": 0.0,
      "sugar_g": 0.67,
      "sodium_mg": 0.0,
      "fruit_factor": 0.0,
      "carbohydrate_g": 0.67,
      "fibre_g": 0.0,
      "name": "Arhornsirup in g",
      "measuring_unit": 3,
      "ingredient": 11,
      "quantity": 1.0,
      "rank": 1,
      "weight_g": 1.0
    }
  },
  {
    "model": "food.portion",
    "pk": 92,
    "fields": {
      "created_at": "2022-08-20T18:35:52.892Z",
      "updated_at": "2022-08-20T18:35:52.892Z",
      "energy_kj": 312.0,
      "protein_g": 0.0,
      "fat_g": 0.04,
      "saturated_fatty_acids_g": 0.0,
      "sugar_g": 13.06,
      "sodium_mg": 0.0,
      "fruit_factor": 0.0,
      "carbohydrate_g": 13.06,
      "fibre_g": 0.0,
      "name": "Arhornsirup in EL",
      "measuring_unit": 1,
      "ingredient": 11,
      "quantity": 1.0,
      "rank": 1,
      "weight_g": 19.5
    }
  },
  {
    "model": "food.portion",
    "pk": 93,
    "fields": {
      "created_at": "2022-08-20T18:38:39.279Z",
      "updated_at": "2022-08-20T18:38:39.279Z",
      "energy_kj": 6.4,
      "protein_g": 0.01,
      "fat_g": 0.15,
      "saturated_fatty_acids_g": 0.02,
      "sugar_g": 0.01,
      "sodium_mg": 0.07,
      "fruit_factor": 0.0,
      "carbohydrate_g": 0.09,
      "fibre_g": 0.04,
      "name": "Avocardo-Fleisch in g",
      "measuring_unit": 3,
      "ingredient": 17,
      "quantity": 1.0,
      "rank": 1,
      "weight_g": 1.0
    }
  },
  {
    "model": "food.portion",
    "pk": 94,
    "fields": {
      "created_at": "2022-08-20T18:38:39.280Z",
      "updated_at": "2022-08-20T18:38:39.280Z",
      "energy_kj": 2560.0,
      "protein_g": 6.0,
      "fat_g": 60.0,
      "saturated_fatty_acids_g": 8.4,
      "sugar_g": 2.8,
      "sodium_mg": 28.0,
      "fruit_factor": 0.0,
      "carbohydrate_g": 36.0,
      "fibre_g": 16.4,
      "name": "Avocardo-Fleisch, Stück",
      "measuring_unit": 3,
      "ingredient": 17,
      "quantity": 400.0,
      "rank": 1,
      "weight_g": 400.0
    }
  },
  {
    "model": "food.portion",
    "pk": 95,
    "fields": {
      "created_at": "2022-08-20T18:39:22.894Z",
      "updated_at": "2022-08-20T18:39:22.894Z",
      "energy_kj": 477.6,
      "protein_g": 0.89,
      "fat_g": 0.35,
      "saturated_fatty_acids_g": 0.0,
      "sugar_g": 0.0,
      "sodium_mg": 0.0,
      "fruit_factor": 0.0,
      "carbohydrate_g": 27.6,
      "fibre_g": 2.04,
      "name": "Banane, Stück",
      "measuring_unit": 3,
      "ingredient": 46,
      "quantity": 120.0,
      "rank": 1,
      "weight_g": 120.0
    }
  },
  {
    "model": "food.portion",
    "pk": 96,
    "fields": {
      "created_at": "2022-08-20T18:40:57.932Z",
      "updated_at": "2022-08-20T18:40:57.932Z",
      "energy_kj": 479.7,
      "protein_g": 0.78,
      "fat_g": 0.33,
      "saturated_fatty_acids_g": 0.0,
      "sugar_g": 0.0,
      "sodium_mg": 14.35,
      "fruit_factor": 0.0,
      "carbohydrate_g": 30.95,
      "fibre_g": 6.36,
      "name": "Birne, Mittelgroß",
      "measuring_unit": 3,
      "ingredient": 54,
      "quantity": 205.0,
      "rank": 1,
      "weight_g": 205.0
    }
  },
  {
    "model": "food.portion",
    "pk": 97,
    "fields": {
      "created_at": "2022-08-20T18:41:46.995Z",
      "updated_at": "2022-08-20T22:28:52.111Z",
      "energy_kj": 0.0,
      "protein_g": 62.16,
      "fat_g": 3.14,
      "saturated_fatty_acids_g": 0.0,
      "sugar_g": 0.0,
      "sodium_mg": 0.0,
      "fruit_factor": 0.0,
      "carbohydrate_g": 0.0,
      "fibre_g": 10.32,
      "name": "Bohne, Kidney, Dose Abtropfgewicht",
      "measuring_unit": 3,
      "ingredient": 87,
      "quantity": 240.0,
      "rank": 1,
      "weight_g": 240.0
    }
  },
  {
    "model": "food.portion",
    "pk": 98,
    "fields": {
      "created_at": "2022-08-20T18:42:18.467Z",
      "updated_at": "2022-08-20T18:42:18.467Z",
      "energy_kj": 0.0,
      "protein_g": 58.56,
      "fat_g": 3.48,
      "saturated_fatty_acids_g": 0.0,
      "sugar_g": 0.0,
      "sodium_mg": 0.0,
      "fruit_factor": 0.0,
      "carbohydrate_g": 0.0,
      "fibre_g": 10.08,
      "name": "Bohne, Dose Abtropfgewicht",
      "measuring_unit": 3,
      "ingredient": 86,
      "quantity": 240.0,
      "rank": 1,
      "weight_g": 240.0
    }
  },
  {
    "model": "food.portion",
    "pk": 99,
    "fields": {
      "created_at": "2022-08-20T18:42:23.091Z",
      "updated_at": "2022-08-20T18:42:23.091Z",
      "energy_kj": 0.0,
      "protein_g": 58.56,
      "fat_g": 3.48,
      "saturated_fatty_acids_g": 0.0,
      "sugar_g": 0.0,
      "sodium_mg": 0.0,
      "fruit_factor": 0.0,
      "carbohydrate_g": 0.0,
      "fibre_g": 10.08,
      "name": "Bohne, Dose Abtropfgewicht",
      "measuring_unit": 3,
      "ingredient": 86,
      "quantity": 240.0,
      "rank": 1,
      "weight_g": 240.0
    }
  },
  {
    "model": "food.portion",
    "pk": 100,
    "fields": {
      "created_at": "2022-08-20T18:42:56.357Z",
      "updated_at": "2022-08-20T18:42:56.357Z",
      "energy_kj": 13.69,
      "protein_g": 0.21,
      "fat_g": 0.28,
      "saturated_fatty_acids_g": 0.17,
      "sugar_g": 0.0,
      "sodium_mg": 6.29,
      "fruit_factor": 0.0,
      "carbohydrate_g": 0.0,
      "fibre_g": 0.0,
      "name": "Brie in g",
      "measuring_unit": 3,
      "ingredient": 26,
      "quantity": 1.0,
      "rank": 1,
      "weight_g": 1.0
    }
  },
  {
    "model": "food.portion",
    "pk": 101,
    "fields": {
      "created_at": "2022-08-20T18:42:56.358Z",
      "updated_at": "2022-08-20T18:42:56.358Z",
      "energy_kj": 2738.0,
      "protein_g": 41.5,
      "fat_g": 55.36,
      "saturated_fatty_acids_g": 34.82,
      "sugar_g": 0.9,
      "sodium_mg": 1258.0,
      "fruit_factor": 0.0,
      "carbohydrate_g": 0.9,
      "fibre_g": 0.0,
      "name": "Brie, Stück",
      "measuring_unit": 3,
      "ingredient": 26,
      "quantity": 200.0,
      "rank": 1,
      "weight_g": 200.0
    }
  },
  {
    "model": "food.portion",
    "pk": 102,
    "fields": {
      "created_at": "2022-08-20T18:44:06.676Z",
      "updated_at": "2022-08-20T18:44:06.676Z",
      "energy_kj": 440.69,
      "protein_g": 8.92,
      "fat_g": 1.18,
      "saturated_fatty_acids_g": 0.14,
      "sugar_g": 0.0,
      "sodium_mg": 124.92,
      "fruit_factor": 0.0,
      "carbohydrate_g": 21.76,
      "fibre_g": 8.33,
      "name": "Brololli, Mittelgroß",
      "measuring_unit": 3,
      "ingredient": 62,
      "quantity": 347.0,
      "rank": 1,
      "weight_g": 347.0
    }
  },
  {
    "model": "food.portion",
    "pk": 103,
    "fields": {
      "created_at": "2022-08-20T18:45:28.196Z",
      "updated_at": "2022-08-20T18:45:28.196Z",
      "energy_kj": 553.5,
      "protein_g": 4.71,
      "fat_g": 1.79,
      "saturated_fatty_acids_g": 0.41,
      "sugar_g": 0.0,
      "sodium_mg": 238.5,
      "fruit_factor": 0.0,
      "carbohydrate_g": 24.6,
      "fibre_g": 1.15,
      "name": "Brot, Scheibe",
      "measuring_unit": 3,
      "ingredient": 84,
      "quantity": 50.0,
      "rank": 1,
      "weight_g": 50.0
    }
  },
  {
    "model": "food.portion",
    "pk": 104,
    "fields": {
      "created_at": "2022-08-20T18:45:28.198Z",
      "updated_at": "2022-08-20T18:45:28.198Z",
      "energy_kj": 442.8,
      "protein_g": 3.77,
      "fat_g": 1.44,
      "saturated_fatty_acids_g": 0.33,
      "sugar_g": 0.0,
      "sodium_mg": 190.8,
      "fruit_factor": 0.0,
      "carbohydrate_g": 19.68,
      "fibre_g": 0.92,
      "name": "Brötchen",
      "measuring_unit": 3,
      "ingredient": 84,
      "quantity": 40.0,
      "rank": 1,
      "weight_g": 40.0
    }
  },
  {
    "model": "food.portion",
    "pk": 105,
    "fields": {
      "created_at": "2022-08-20T18:45:54.879Z",
      "updated_at": "2022-08-20T18:45:54.879Z",
      "energy_kj": 520.5,
      "protein_g": 6.15,
      "fat_g": 1.77,
      "saturated_fatty_acids_g": 0.37,
      "sugar_g": 0.0,
      "sodium_mg": 225.0,
      "fruit_factor": 0.0,
      "carbohydrate_g": 21.55,
      "fibre_g": 3.0,
      "name": "Brot, Scheibe",
      "measuring_unit": 3,
      "ingredient": 83,
      "quantity": 50.0,
      "rank": 1,
      "weight_g": 50.0
    }
  },
  {
    "model": "food.portion",
    "pk": 106,
    "fields": {
      "created_at": "2022-08-20T18:45:54.879Z",
      "updated_at": "2022-08-20T18:45:54.879Z",
      "energy_kj": 416.4,
      "protein_g": 4.92,
      "fat_g": 1.42,
      "saturated_fatty_acids_g": 0.29,
      "sugar_g": 0.0,
      "sodium_mg": 180.0,
      "fruit_factor": 0.0,
      "carbohydrate_g": 17.24,
      "fibre_g": 2.4,
      "name": "Brötchen",
      "measuring_unit": 3,
      "ingredient": 83,
      "quantity": 40.0,
      "rank": 1,
      "weight_g": 40.0
    }
  },
  {
    "model": "food.portion",
    "pk": 107,
    "fields": {
      "created_at": "2022-08-20T18:47:14.816Z",
      "updated_at": "2022-08-20T18:47:14.816Z",
      "energy_kj": 0.0,
      "protein_g": 0.0,
      "fat_g": 12.33,
      "saturated_fatty_acids_g": 6.84,
      "sugar_g": 0.0,
      "sodium_mg": 78.6,
      "fruit_factor": 0.0,
      "carbohydrate_g": 0.0,
      "fibre_g": 0.0,
      "name": "Butter pro Bröt/Brötchen",
      "measuring_unit": 3,
      "ingredient": 37,
      "quantity": 15.0,
      "rank": 1,
      "weight_g": 15.0
    }
  },
  {
    "model": "food.portion",
    "pk": 108,
    "fields": {
      "created_at": "2022-08-20T19:22:22.093Z",
      "updated_at": "2022-08-20T19:22:22.093Z",
      "energy_kj": 0.0,
      "protein_g": 0.0,
      "fat_g": 0.0,
      "saturated_fatty_acids_g": 0.0,
      "sugar_g": 0.0,
      "sodium_mg": 0.0,
      "fruit_factor": 0.0,
      "carbohydrate_g": 0.0,
      "fibre_g": 0.0,
      "name": "Reis, Wild in g",
      "measuring_unit": 3,
      "ingredient": 104,
      "quantity": 1.0,
      "rank": 1,
      "weight_g": 1.0
    }
  },
  {
    "model": "food.portion",
    "pk": 109,
    "fields": {
      "created_at": "2022-08-20T19:23:18.955Z",
      "updated_at": "2022-08-20T19:23:18.955Z",
      "energy_kj": 15.17,
      "protein_g": 0.07,
      "fat_g": 0.01,
      "saturated_fatty_acids_g": 0.0,
      "sugar_g": 0.0,
      "sodium_mg": 0.07,
      "fruit_factor": 0.0,
      "carbohydrate_g": 0.82,
      "fibre_g": 0.03,
      "name": "Reis in g",
      "measuring_unit": 3,
      "ingredient": 105,
      "quantity": 1.0,
      "rank": 1,
      "weight_g": 1.0
    }
  },
  {
    "model": "food.portion",
    "pk": 110,
    "fields": {
      "created_at": "2022-08-20T20:07:41.075Z",
      "updated_at": "2022-08-20T20:07:41.075Z",
      "energy_kj": 15.21,
      "protein_g": 0.13,
      "fat_g": 0.02,
      "saturated_fatty_acids_g": 0.0,
      "sugar_g": 0.03,
      "sodium_mg": 0.06,
      "fruit_factor": 0.0,
      "carbohydrate_g": 0.75,
      "fibre_g": 0.03,
      "name": "Nudeln in g",
      "measuring_unit": 3,
      "ingredient": 14,
      "quantity": 1.0,
      "rank": 1,
      "weight_g": 1.0
    }
  },
  {
    "model": "food.portion",
    "pk": 111,
    "fields": {
      "created_at": "2022-08-20T20:12:13.579Z",
      "updated_at": "2022-08-20T20:12:13.579Z",
      "energy_kj": 22.39,
      "protein_g": 0.05,
      "fat_g": 0.31,
      "saturated_fatty_acids_g": 0.19,
      "sugar_g": 0.48,
      "sodium_mg": 0.24,
      "fruit_factor": 0.0,
      "carbohydrate_g": 0.61,
      "fibre_g": 0.07,
      "name": "Schokolade in g",
      "measuring_unit": 3,
      "ingredient": 25,
      "quantity": 1.0,
      "rank": 1,
      "weight_g": 1.0
    }
  },
  {
    "model": "food.portion",
    "pk": 112,
    "fields": {
      "created_at": "2022-08-20T20:12:46.030Z",
      "updated_at": "2022-08-20T20:12:46.031Z",
      "energy_kj": 24.52,
      "protein_g": 0.08,
      "fat_g": 0.43,
      "saturated_fatty_acids_g": 0.24,
      "sugar_g": 0.24,
      "sodium_mg": 0.2,
      "fruit_factor": 0.0,
      "carbohydrate_g": 0.46,
      "fibre_g": 0.11,
      "name": "Schokolade 80% in g",
      "measuring_unit": 3,
      "ingredient": 106,
      "quantity": 1.0,
      "rank": 1,
      "weight_g": 1.0
    }
  },
  {
    "model": "food.portion",
    "pk": 113,
    "fields": {
      "created_at": "2022-08-20T20:14:31.772Z",
      "updated_at": "2022-08-20T20:14:31.772Z",
      "energy_kj": 1.6,
      "protein_g": 0.0,
      "fat_g": 0.0,
      "saturated_fatty_acids_g": 0.0,
      "sugar_g": 0.11,
      "sodium_mg": 0.15,
      "fruit_factor": 0.0,
      "carbohydrate_g": 0.11,
      "fibre_g": 0.0,
      "name": "Coca Cola in ml",
      "measuring_unit": 5,
      "ingredient": 24,
      "quantity": 1.0,
      "rank": 1,
      "weight_g": 1.0
    }
  },
  {
    "model": "food.portion",
    "pk": 114,
    "fields": {
      "created_at": "2022-08-20T20:15:32.418Z",
      "updated_at": "2022-08-20T20:15:32.418Z",
      "energy_kj": 485.6,
      "protein_g": 9.92,
      "fat_g": 7.97,
      "saturated_fatty_acids_g": 2.56,
      "sugar_g": 0.0,
      "sodium_mg": 103.2,
      "fruit_factor": 0.0,
      "carbohydrate_g": 0.77,
      "fibre_g": 0.0,
      "name": "Ei, mittelgroß",
      "measuring_unit": 3,
      "ingredient": 41,
      "quantity": 80.0,
      "rank": 1,
      "weight_g": 80.0
    }
  },
  {
    "model": "food.portion",
    "pk": 115,
    "fields": {
      "created_at": "2022-08-20T20:16:56.541Z",
      "updated_at": "2022-08-20T20:16:56.541Z",
      "energy_kj": 24.97,
      "protein_g": 0.12,
      "fat_g": 0.53,
      "saturated_fatty_acids_g": 0.11,
      "sugar_g": 0.09,
      "sodium_mg": 2.95,
      "fruit_factor": 0.0,
      "carbohydrate_g": 0.3,
      "fibre_g": 0.03,
      "name": "Cashewmus in g",
      "measuring_unit": 3,
      "ingredient": 20,
      "quantity": 1.0,
      "rank": 1,
      "weight_g": 1.0
    }
  },
  {
    "model": "food.portion",
    "pk": 116,
    "fields": {
      "created_at": "2022-08-20T20:19:35.545Z",
      "updated_at": "2022-08-20T20:19:35.545Z",
      "energy_kj": 14.51,
      "protein_g": 0.03,
      "fat_g": 0.33,
      "saturated_fatty_acids_g": 0.3,
      "sugar_g": 0.06,
      "sodium_mg": 0.2,
      "fruit_factor": 0.0,
      "carbohydrate_g": 0.15,
      "fibre_g": 0.09,
      "name": "Kokosraspeln in g",
      "measuring_unit": 3,
      "ingredient": 12,
      "quantity": 1.0,
      "rank": 1,
      "weight_g": 1.0
    }
  },
  {
    "model": "food.portion",
    "pk": 117,
    "fields": {
      "created_at": "2022-08-20T20:20:46.835Z",
      "updated_at": "2022-08-20T20:20:46.835Z",
      "energy_kj": 0.9,
      "protein_g": 0.0,
      "fat_g": 0.0,
      "saturated_fatty_acids_g": 0.0,
      "sugar_g": 0.03,
      "sodium_mg": 0.01,
      "fruit_factor": 0.0,
      "carbohydrate_g": 0.07,
      "fibre_g": 0.0,
      "name": "Zitronensaft in ml",
      "measuring_unit": 5,
      "ingredient": 10,
      "quantity": 1.0,
      "rank": 1,
      "weight_g": 1.0
    }
  },
  {
    "model": "food.portion",
    "pk": 118,
    "fields": {
      "created_at": "2022-08-20T20:20:46.837Z",
      "updated_at": "2022-08-20T20:20:46.837Z",
      "energy_kj": 13.5,
      "protein_g": 0.05,
      "fat_g": 0.04,
      "saturated_fatty_acids_g": 0.01,
      "sugar_g": 0.38,
      "sodium_mg": 0.15,
      "fruit_factor": 0.0,
      "carbohydrate_g": 1.03,
      "fibre_g": 0.04,
      "name": "Zitronensaft in EL",
      "measuring_unit": 1,
      "ingredient": 10,
      "quantity": 1.0,
      "rank": 2,
      "weight_g": 15.0
    }
  },
  {
    "model": "food.portion",
    "pk": 119,
    "fields": {
      "created_at": "2022-08-20T20:20:46.838Z",
      "updated_at": "2022-08-20T20:20:46.838Z",
      "energy_kj": 4.5,
      "protein_g": 0.02,
      "fat_g": 0.01,
      "saturated_fatty_acids_g": 0.0,
      "sugar_g": 0.13,
      "sodium_mg": 0.05,
      "fruit_factor": 0.0,
      "carbohydrate_g": 0.34,
      "fibre_g": 0.01,
      "name": "Zitronensaft in TL",
      "measuring_unit": 2,
      "ingredient": 10,
      "quantity": 1.0,
      "rank": 3,
      "weight_g": 5.0
    }
  },
  {
    "model": "food.portion",
    "pk": 120,
    "fields": {
      "created_at": "2022-08-20T20:21:39.832Z",
      "updated_at": "2022-08-20T20:21:39.832Z",
      "energy_kj": 68.3,
      "protein_g": 0.0,
      "fat_g": 1.98,
      "saturated_fatty_acids_g": 1.65,
      "sugar_g": 0.0,
      "sodium_mg": 0.0,
      "fruit_factor": 0.0,
      "carbohydrate_g": 0.02,
      "fibre_g": 0.0,
      "name": "Kokosöl in ml",
      "measuring_unit": 5,
      "ingredient": 9,
      "quantity": 1.0,
      "rank": 1,
      "weight_g": 2.0
    }
  },
  {
    "model": "food.portion",
    "pk": 121,
    "fields": {
      "created_at": "2022-08-20T20:23:11.388Z",
      "updated_at": "2022-08-20T20:23:11.388Z",
      "energy_kj": 10.13,
      "protein_g": 0.04,
      "fat_g": 0.01,
      "saturated_fatty_acids_g": 0.0,
      "sugar_g": 0.02,
      "sodium_mg": 0.1,
      "fruit_factor": 0.0,
      "carbohydrate_g": 0.81,
      "fibre_g": 0.53,
      "name": "Zimt, Pulver in g",
      "measuring_unit": 3,
      "ingredient": 8,
      "quantity": 1.0,
      "rank": 1,
      "weight_g": 1.0
    }
  },
  {
    "model": "food.portion",
    "pk": 122,
    "fields": {
      "created_at": "2022-08-20T20:23:56.430Z",
      "updated_at": "2022-08-20T20:23:56.430Z",
      "energy_kj": 10.29,
      "protein_g": 0.1,
      "fat_g": 0.03,
      "saturated_fatty_acids_g": 0.01,
      "sugar_g": 0.01,
      "sodium_mg": 0.2,
      "fruit_factor": 0.0,
      "carbohydrate_g": 0.64,
      "fibre_g": 0.25,
      "name": "Pfeffer, Schwarz in g",
      "measuring_unit": 3,
      "ingredient": 107,
      "quantity": 1.0,
      "rank": 1,
      "weight_g": 1.0
    }
  },
  {
    "model": "food.portion",
    "pk": 123,
    "fields": {
      "created_at": "2022-08-20T20:25:25.266Z",
      "updated_at": "2022-08-20T20:25:25.266Z",
      "energy_kj": 17.63,
      "protein_g": 0.06,
      "fat_g": 0.14,
      "saturated_fatty_acids_g": 0.05,
      "sugar_g": 0.0,
      "sodium_mg": 3.14,
      "fruit_factor": 0.0,
      "carbohydrate_g": 0.7,
      "fibre_g": 0.03,
      "name": "Haferflocken in g",
      "measuring_unit": 3,
      "ingredient": 7,
      "quantity": 1.0,
      "rank": 1,
      "weight_g": 1.0
    }
  },
  {
    "model": "food.portion",
    "pk": 124,
    "fields": {
      "created_at": "2022-08-20T20:26:55.514Z",
      "updated_at": "2022-08-20T22:08:46.093Z",
      "energy_kj": 0.0,
      "protein_g": 0.0,
      "fat_g": 0.0,
      "saturated_fatty_acids_g": 0.0,
      "sugar_g": 0.0,
      "sodium_mg": 387.0,
      "fruit_factor": 0.0,
      "carbohydrate_g": 0.0,
      "fibre_g": 0.0,
      "name": "Salz in g",
      "measuring_unit": 3,
      "ingredient": 5,
      "quantity": 1.0,
      "rank": 2,
      "weight_g": 1.0
    }
  },
  {
    "model": "food.portion",
    "pk": 125,
    "fields": {
      "created_at": "2022-08-20T20:26:55.515Z",
      "updated_at": "2022-08-20T22:08:46.094Z",
      "energy_kj": 0.0,
      "protein_g": 0.0,
      "fat_g": 0.0,
      "saturated_fatty_acids_g": 0.0,
      "sugar_g": 0.0,
      "sodium_mg": 11610.0,
      "fruit_factor": 0.0,
      "carbohydrate_g": 0.0,
      "fibre_g": 0.0,
      "name": "Salz in EL",
      "measuring_unit": 1,
      "ingredient": 5,
      "quantity": 1.0,
      "rank": 2,
      "weight_g": 30.0
    }
  },
  {
    "model": "food.portion",
    "pk": 126,
    "fields": {
      "created_at": "2022-08-20T20:26:55.515Z",
      "updated_at": "2022-08-20T22:08:46.095Z",
      "energy_kj": 0.0,
      "protein_g": 0.0,
      "fat_g": 0.0,
      "saturated_fatty_acids_g": 0.0,
      "sugar_g": 0.0,
      "sodium_mg": 3870.0,
      "fruit_factor": 0.0,
      "carbohydrate_g": 0.0,
      "fibre_g": 0.0,
      "name": "Salz in TL",
      "measuring_unit": 2,
      "ingredient": 5,
      "quantity": 1.0,
      "rank": 2,
      "weight_g": 10.0
    }
  },
  {
    "model": "food.portion",
    "pk": 127,
    "fields": {
      "created_at": "2022-08-20T20:27:52.370Z",
      "updated_at": "2022-08-20T20:27:52.370Z",
      "energy_kj": 12.53,
      "protein_g": 0.02,
      "fat_g": 0.01,
      "saturated_fatty_acids_g": 0.0,
      "sugar_g": 0.41,
      "sodium_mg": 0.05,
      "fruit_factor": 0.0,
      "carbohydrate_g": 0.66,
      "fibre_g": 0.07,
      "name": "Dattel in g",
      "measuring_unit": 3,
      "ingredient": 3,
      "quantity": 1.0,
      "rank": 1,
      "weight_g": 1.0
    }
  },
  {
    "model": "food.portion",
    "pk": 128,
    "fields": {
      "created_at": "2022-08-20T20:52:12.581Z",
      "updated_at": "2022-08-20T20:52:12.582Z",
      "energy_kj": 2.46,
      "protein_g": 0.01,
      "fat_g": 0.0,
      "saturated_fatty_acids_g": 0.0,
      "sugar_g": 0.14,
      "sodium_mg": 0.01,
      "fruit_factor": 0.0,
      "carbohydrate_g": 0.16,
      "fibre_g": 0.01,
      "name": "Ananas, Konserven, abgetropft in g",
      "measuring_unit": 3,
      "ingredient": 108,
      "quantity": 1.0,
      "rank": 1,
      "weight_g": 1.0
    }
  },
  {
    "model": "food.portion",
    "pk": 129,
    "fields": {
      "created_at": "2022-08-20T20:53:05.624Z",
      "updated_at": "2022-08-20T20:53:05.624Z",
      "energy_kj": 0.0,
      "protein_g": 0.0,
      "fat_g": 0.0,
      "saturated_fatty_acids_g": 0.0,
      "sugar_g": 0.0,
      "sodium_mg": 0.0,
      "fruit_factor": 0.0,
      "carbohydrate_g": 0.0,
      "fibre_g": 0.0,
      "name": "Speisestärke in g",
      "measuring_unit": 3,
      "ingredient": 109,
      "quantity": 1.0,
      "rank": 1,
      "weight_g": 1.0
    }
  },
  {
    "model": "food.portion",
    "pk": 130,
    "fields": {
      "created_at": "2022-08-20T20:53:25.086Z",
      "updated_at": "2022-08-20T20:53:25.086Z",
      "energy_kj": 223.8,
      "protein_g": 0.93,
      "fat_g": 0.26,
      "saturated_fatty_acids_g": 0.0,
      "sugar_g": 0.0,
      "sodium_mg": 0.0,
      "fruit_factor": 0.0,
      "carbohydrate_g": 12.12,
      "fibre_g": 0.65,
      "name": "Speisestärke in EL",
      "measuring_unit": 1,
      "ingredient": 109,
      "quantity": 1.0,
      "rank": 1,
      "weight_g": 15.0
    }
  },
  {
    "model": "food.portion",
    "pk": 131,
    "fields": {
      "created_at": "2022-08-20T20:54:45.464Z",
      "updated_at": "2022-08-20T20:54:45.464Z",
      "energy_kj": 0.0,
      "protein_g": 0.0,
      "fat_g": 0.0,
      "saturated_fatty_acids_g": 0.0,
      "sugar_g": 0.0,
      "sodium_mg": 0.0,
      "fruit_factor": 0.0,
      "carbohydrate_g": 0.0,
      "fibre_g": 0.0,
      "name": "Sojasoße in g",
      "measuring_unit": 3,
      "ingredient": 110,
      "quantity": 1.0,
      "rank": 1,
      "weight_g": 1.0
    }
  },
  {
    "model": "food.portion",
    "pk": 132,
    "fields": {
      "created_at": "2022-08-20T20:54:45.466Z",
      "updated_at": "2022-08-20T20:54:45.466Z",
      "energy_kj": 0.0,
      "protein_g": 0.0,
      "fat_g": 0.0,
      "saturated_fatty_acids_g": 0.0,
      "sugar_g": 0.0,
      "sodium_mg": 0.0,
      "fruit_factor": 0.0,
      "carbohydrate_g": 0.0,
      "fibre_g": 0.0,
      "name": "Sojasoße in EL",
      "measuring_unit": 1,
      "ingredient": 110,
      "quantity": 1.0,
      "rank": 1,
      "weight_g": 15.0
    }
  },
  {
    "model": "food.portion",
    "pk": 133,
    "fields": {
      "created_at": "2022-08-20T20:55:58.218Z",
      "updated_at": "2022-08-20T20:55:58.218Z",
      "energy_kj": 3.36,
      "protein_g": 0.04,
      "fat_g": 0.0,
      "saturated_fatty_acids_g": 0.0,
      "sugar_g": 0.12,
      "sodium_mg": 0.59,
      "fruit_factor": 0.0,
      "carbohydrate_g": 0.19,
      "fibre_g": 0.04,
      "name": "Tomatemark in g",
      "measuring_unit": 3,
      "ingredient": 111,
      "quantity": 1.0,
      "rank": 1,
      "weight_g": 1.0
    }
  },
  {
    "model": "food.portion",
    "pk": 134,
    "fields": {
      "created_at": "2022-08-20T20:55:58.220Z",
      "updated_at": "2022-08-20T20:55:58.220Z",
      "energy_kj": 50.4,
      "protein_g": 0.65,
      "fat_g": 0.07,
      "saturated_fatty_acids_g": 0.01,
      "sugar_g": 1.83,
      "sodium_mg": 8.85,
      "fruit_factor": 0.0,
      "carbohydrate_g": 2.84,
      "fibre_g": 0.61,
      "name": "Tomatemark in EL",
      "measuring_unit": 1,
      "ingredient": 111,
      "quantity": 1.0,
      "rank": 1,
      "weight_g": 15.0
    }
  },
  {
    "model": "food.portion",
    "pk": 135,
    "fields": {
      "created_at": "2022-08-20T20:57:11.353Z",
      "updated_at": "2022-08-20T20:57:11.353Z",
      "energy_kj": 3.61,
      "protein_g": 0.0,
      "fat_g": 0.0,
      "saturated_fatty_acids_g": 0.0,
      "sugar_g": 0.15,
      "sodium_mg": 0.23,
      "fruit_factor": 0.0,
      "carbohydrate_g": 0.17,
      "fibre_g": 0.0,
      "name": "Balsamic Essig in g",
      "measuring_unit": 3,
      "ingredient": 112,
      "quantity": 1.0,
      "rank": 1,
      "weight_g": 1.0
    }
  },
  {
    "model": "food.portion",
    "pk": 136,
    "fields": {
      "created_at": "2022-08-20T20:57:11.358Z",
      "updated_at": "2022-08-20T20:57:11.358Z",
      "energy_kj": 54.15,
      "protein_g": 0.07,
      "fat_g": 0.0,
      "saturated_fatty_acids_g": 0.0,
      "sugar_g": 2.24,
      "sodium_mg": 3.45,
      "fruit_factor": 0.0,
      "carbohydrate_g": 2.55,
      "fibre_g": 0.0,
      "name": "Balsamic Essig in EL",
      "measuring_unit": 1,
      "ingredient": 112,
      "quantity": 1.0,
      "rank": 1,
      "weight_g": 15.0
    }
  },
  {
    "model": "food.portion",
    "pk": 137,
    "fields": {
      "created_at": "2022-08-20T20:59:16.530Z",
      "updated_at": "2022-08-20T20:59:16.530Z",
      "energy_kj": 2.95,
      "protein_g": 0.01,
      "fat_g": 0.0,
      "saturated_fatty_acids_g": 0.0,
      "sugar_g": 0.15,
      "sodium_mg": 0.06,
      "fruit_factor": 0.0,
      "carbohydrate_g": 0.18,
      "fibre_g": 0.01,
      "name": "Pfirsich, Dose, abgetrpoft in g",
      "measuring_unit": 3,
      "ingredient": 113,
      "quantity": 1.0,
      "rank": 1,
      "weight_g": 1.0
    }
  },
  {
    "model": "food.portion",
    "pk": 138,
    "fields": {
      "created_at": "2022-08-20T20:59:16.534Z",
      "updated_at": "2022-08-20T20:59:16.534Z",
      "energy_kj": 708.0,
      "protein_g": 1.25,
      "fat_g": 0.43,
      "saturated_fatty_acids_g": 0.03,
      "sugar_g": 35.18,
      "sodium_mg": 14.4,
      "fruit_factor": 0.0,
      "carbohydrate_g": 44.23,
      "fibre_g": 2.88,
      "name": "Pfirsich, Dose",
      "measuring_unit": 3,
      "ingredient": 113,
      "quantity": 240.0,
      "rank": 1,
      "weight_g": 240.0
    }
  },
  {
    "model": "food.portion",
    "pk": 139,
    "fields": {
      "created_at": "2022-08-20T21:12:30.662Z",
      "updated_at": "2022-08-20T21:55:18.350Z",
      "energy_kj": 13.41,
      "protein_g": 0.51,
      "fat_g": 0.01,
      "saturated_fatty_acids_g": 0.0,
      "sugar_g": 0.16,
      "sodium_mg": 0.2,
      "fruit_factor": 0.0,
      "carbohydrate_g": 0.34,
      "fibre_g": 0.17,
      "name": "Sojaflocken in g",
      "measuring_unit": 3,
      "ingredient": 114,
      "quantity": 1.0,
      "rank": 2,
      "weight_g": 1.0
    }
  },
  {
    "model": "food.portion",
    "pk": 140,
    "fields": {
      "created_at": "2022-08-20T21:26:12.642Z",
      "updated_at": "2022-08-20T21:26:12.642Z",
      "energy_kj": 7.09,
      "protein_g": 0.07,
      "fat_g": 0.05,
      "saturated_fatty_acids_g": 0.01,
      "sugar_g": 0.0,
      "sodium_mg": 3.27,
      "fruit_factor": 0.0,
      "carbohydrate_g": 0.26,
      "fibre_g": 0.01,
      "name": "Spätzle in g",
      "measuring_unit": 3,
      "ingredient": 115,
      "quantity": 1.0,
      "rank": 1,
      "weight_g": 1.0
    }
  },
  {
    "model": "food.portion",
    "pk": 141,
    "fields": {
      "created_at": "2022-08-20T21:30:04.038Z",
      "updated_at": "2022-08-20T21:30:04.038Z",
      "energy_kj": 12.22,
      "protein_g": 0.24,
      "fat_g": 0.2,
      "saturated_fatty_acids_g": 0.12,
      "sugar_g": 0.0,
      "sodium_mg": 6.99,
      "fruit_factor": 0.0,
      "carbohydrate_g": 0.04,
      "fibre_g": 0.0,
      "name": "Morzarella in g",
      "measuring_unit": 3,
      "ingredient": 116,
      "quantity": 1.0,
      "rank": 1,
      "weight_g": 1.0
    }
  },
  {
    "model": "food.portion",
    "pk": 142,
    "fields": {
      "created_at": "2022-08-20T21:30:53.224Z",
      "updated_at": "2022-08-20T21:34:28.223Z",
      "energy_kj": 16.11,
      "protein_g": 0.27,
      "fat_g": 0.31,
      "saturated_fatty_acids_g": 0.18,
      "sugar_g": 0.0,
      "sodium_mg": 1.85,
      "fruit_factor": 0.0,
      "carbohydrate_g": 0.01,
      "fibre_g": 0.0,
      "name": "Emmentaler in g",
      "measuring_unit": 3,
      "ingredient": 117,
      "quantity": 1.0,
      "rank": 1,
      "weight_g": 1.0
    }
  },
  {
    "model": "food.portion",
    "pk": 143,
    "fields": {
      "created_at": "2022-08-20T21:44:03.993Z",
      "updated_at": "2022-08-20T21:44:03.993Z",
      "energy_kj": 0.25,
      "protein_g": 0.0,
      "fat_g": 0.0,
      "saturated_fatty_acids_g": 0.0,
      "sugar_g": 0.01,
      "sodium_mg": 3.03,
      "fruit_factor": 0.0,
      "carbohydrate_g": 0.01,
      "fibre_g": 0.0,
      "name": "Gemüsebrühe in g",
      "measuring_unit": 3,
      "ingredient": 118,
      "quantity": 1.0,
      "rank": 1,
      "weight_g": 1.0
    }
  },
  {
    "model": "food.portion",
    "pk": 144,
    "fields": {
      "created_at": "2022-08-20T21:44:03.997Z",
      "updated_at": "2022-08-20T21:44:03.997Z",
      "energy_kj": 0.25,
      "protein_g": 0.0,
      "fat_g": 0.0,
      "saturated_fatty_acids_g": 0.0,
      "sugar_g": 0.01,
      "sodium_mg": 3.03,
      "fruit_factor": 0.0,
      "carbohydrate_g": 0.01,
      "fibre_g": 0.0,
      "name": "Gemüsebrühe in ml",
      "measuring_unit": 5,
      "ingredient": 118,
      "quantity": 1.0,
      "rank": 1,
      "weight_g": 1.0
    }
  },
  {
    "model": "food.portion",
    "pk": 145,
    "fields": {
      "created_at": "2022-08-20T21:49:01.659Z",
      "updated_at": "2022-08-20T21:53:12.788Z",
      "energy_kj": 13.94,
      "protein_g": 0.03,
      "fat_g": 0.36,
      "saturated_fatty_acids_g": 0.23,
      "sugar_g": 0.03,
      "sodium_mg": 0.27,
      "fruit_factor": 0.0,
      "carbohydrate_g": 0.03,
      "fibre_g": 0.0,
      "name": "Schlagsahne in g",
      "measuring_unit": 3,
      "ingredient": 119,
      "quantity": 1.0,
      "rank": 2,
      "weight_g": 1.0
    }
  },
  {
    "model": "food.portion",
    "pk": 146,
    "fields": {
      "created_at": "2022-08-20T21:49:49.904Z",
      "updated_at": "2022-08-20T21:49:49.904Z",
      "energy_kj": 14.47,
      "protein_g": 0.21,
      "fat_g": 0.29,
      "saturated_fatty_acids_g": 0.19,
      "sugar_g": 0.01,
      "sodium_mg": 11.46,
      "fruit_factor": 0.0,
      "carbohydrate_g": 0.02,
      "fibre_g": 0.0,
      "name": "Gorgonzolaa in g",
      "measuring_unit": 3,
      "ingredient": 120,
      "quantity": 1.0,
      "rank": 1,
      "weight_g": 1.0
    }
  },
  {
    "model": "food.portion",
    "pk": 147,
    "fields": {
      "created_at": "2022-08-20T22:22:27.446Z",
      "updated_at": "2022-08-20T22:22:44.688Z",
      "energy_kj": 2.38,
      "protein_g": 0.03,
      "fat_g": 0.0,
      "saturated_fatty_acids_g": 0.0,
      "sugar_g": 0.0,
      "sodium_mg": 0.1,
      "fruit_factor": 0.0,
      "carbohydrate_g": 0.12,
      "fibre_g": 0.03,
      "name": "Kartoffel in g",
      "measuring_unit": 3,
      "ingredient": 121,
      "quantity": 1.0,
      "rank": 2,
      "weight_g": 1.0
    }
  },
  {
    "model": "food.portion",
    "pk": 148,
    "fields": {
      "created_at": "2022-08-20T22:26:41.842Z",
      "updated_at": "2022-08-20T22:31:16.419Z",
      "energy_kj": 14.96,
      "protein_g": 0.09,
      "fat_g": 0.05,
      "saturated_fatty_acids_g": 0.01,
      "sugar_g": 0.0,
      "sodium_mg": 0.35,
      "fruit_factor": 0.0,
      "carbohydrate_g": 0.74,
      "fibre_g": 0.0,
      "name": "Mais in g",
      "measuring_unit": 3,
      "ingredient": 122,
      "quantity": 1.0,
      "rank": 1,
      "weight_g": 1.0
    }
  },
  {
    "model": "food.portion",
    "pk": 149,
    "fields": {
      "created_at": "2022-08-20T22:34:53.355Z",
      "updated_at": "2022-08-20T22:34:53.355Z",
      "energy_kj": 1.72,
      "protein_g": 0.02,
      "fat_g": 0.01,
      "saturated_fatty_acids_g": 0.0,
      "sugar_g": 0.0,
      "sodium_mg": 0.06,
      "fruit_factor": 0.0,
      "carbohydrate_g": 0.09,
      "fibre_g": 0.05,
      "name": "Süßkarttoffel in g",
      "measuring_unit": 3,
      "ingredient": 123,
      "quantity": 1.0,
      "rank": 1,
      "weight_g": 1.0
    }
  },
  {
    "model": "food.portion",
    "pk": 150,
    "fields": {
      "created_at": "2022-08-20T23:24:21.905Z",
      "updated_at": "2022-08-20T23:24:21.905Z",
      "energy_kj": 2.02,
      "protein_g": 0.05,
      "fat_g": 0.02,
      "saturated_fatty_acids_g": 0.01,
      "sugar_g": 0.01,
      "sodium_mg": 0.1,
      "fruit_factor": 0.0,
      "carbohydrate_g": 0.02,
      "fibre_g": 0.0,
      "name": "Seidentofu in g",
      "measuring_unit": 3,
      "ingredient": 124,
      "quantity": 1.0,
      "rank": 1,
      "weight_g": 1.0
    }
  },
  {
    "model": "food.portion",
    "pk": 151,
    "fields": {
      "created_at": "2022-08-20T23:25:39.044Z",
      "updated_at": "2022-08-20T23:25:39.044Z",
      "energy_kj": 12.71,
      "protein_g": 0.0,
      "fat_g": 0.0,
      "saturated_fatty_acids_g": 0.0,
      "sugar_g": 0.68,
      "sodium_mg": 0.04,
      "fruit_factor": 0.0,
      "carbohydrate_g": 0.76,
      "fibre_g": 0.0,
      "name": "Agavendicksaft in g",
      "measuring_unit": 3,
      "ingredient": 125,
      "quantity": 1.0,
      "rank": 1,
      "weight_g": 1.0
    }
  },
  {
    "model": "food.portion",
    "pk": 152,
    "fields": {
      "created_at": "2022-08-20T23:27:24.910Z",
      "updated_at": "2022-08-20T23:27:24.910Z",
      "energy_kj": 11.81,
      "protein_g": 0.0,
      "fat_g": 0.0,
      "saturated_fatty_acids_g": 0.0,
      "sugar_g": 0.13,
      "sodium_mg": 0.09,
      "fruit_factor": 0.0,
      "carbohydrate_g": 0.13,
      "fibre_g": 0.0,
      "name": "Vanille Extrakt in g",
      "measuring_unit": 3,
      "ingredient": 126,
      "quantity": 1.0,
      "rank": 1,
      "weight_g": 1.0
    }
  },
  {
    "model": "food.portion",
    "pk": 153,
    "fields": {
      "created_at": "2022-08-28T14:45:25.228Z",
      "updated_at": "2022-08-28T14:45:25.228Z",
      "energy_kj": 0.7,
      "protein_g": 0.01,
      "fat_g": 0.0,
      "saturated_fatty_acids_g": 0.0,
      "sugar_g": 0.03,
      "sodium_mg": 0.08,
      "fruit_factor": 0.0,
      "carbohydrate_g": 0.03,
      "fibre_g": 0.01,
      "name": "Zucchini in g",
      "measuring_unit": 3,
      "ingredient": 127,
      "quantity": 1.0,
      "rank": 1,
      "weight_g": 1.0
    }
  },
  {
    "model": "food.portion",
    "pk": 154,
    "fields": {
      "created_at": "2022-08-28T14:46:33.500Z",
      "updated_at": "2022-08-28T14:46:33.500Z",
      "energy_kj": 87.5,
      "protein_g": 1.51,
      "fat_g": 0.4,
      "saturated_fatty_acids_g": 0.1,
      "sugar_g": 3.12,
      "sodium_mg": 10.0,
      "fruit_factor": 0.0,
      "carbohydrate_g": 3.89,
      "fibre_g": 1.25,
      "name": "Zucchini, klein",
      "measuring_unit": 3,
      "ingredient": 127,
      "quantity": 125.0,
      "rank": 2,
      "weight_g": 125.0
    }
  },
  {
    "model": "food.portion",
    "pk": 155,
    "fields": {
      "created_at": "2022-08-28T14:46:33.502Z",
      "updated_at": "2022-08-28T14:46:33.502Z",
      "energy_kj": 175.0,
      "protein_g": 3.02,
      "fat_g": 0.8,
      "saturated_fatty_acids_g": 0.21,
      "sugar_g": 6.25,
      "sodium_mg": 20.0,
      "fruit_factor": 0.0,
      "carbohydrate_g": 7.78,
      "fibre_g": 2.5,
      "name": "Zucchini, groß",
      "measuring_unit": 3,
      "ingredient": 127,
      "quantity": 250.0,
      "rank": 3,
      "weight_g": 250.0
    }
  },
  {
    "model": "food.portion",
    "pk": 156,
    "fields": {
      "created_at": "2022-08-28T14:46:33.503Z",
      "updated_at": "2022-08-28T14:46:33.503Z",
      "energy_kj": 140.0,
      "protein_g": 2.42,
      "fat_g": 0.64,
      "saturated_fatty_acids_g": 0.17,
      "sugar_g": 5.0,
      "sodium_mg": 16.0,
      "fruit_factor": 0.0,
      "carbohydrate_g": 6.22,
      "fibre_g": 2.0,
      "name": "Zucchini, mittel",
      "measuring_unit": 3,
      "ingredient": 127,
      "quantity": 200.0,
      "rank": 4,
      "weight_g": 200.0
    }
  },
  {
    "model": "food.portion",
    "pk": 157,
    "fields": {
      "created_at": "2022-08-28T15:05:04.150Z",
      "updated_at": "2022-08-28T15:05:04.150Z",
      "energy_kj": 10.86,
      "protein_g": 0.09,
      "fat_g": 0.04,
      "saturated_fatty_acids_g": 0.02,
      "sugar_g": 0.04,
      "sodium_mg": 0.25,
      "fruit_factor": 0.0,
      "carbohydrate_g": 0.69,
      "fibre_g": 0.42,
      "name": "Oregano in g",
      "measuring_unit": 3,
      "ingredient": 128,
      "quantity": 1.0,
      "rank": 1,
      "weight_g": 1.0
    }
  },
  {
    "model": "food.portion",
    "pk": 158,
    "fields": {
      "created_at": "2022-08-28T15:22:27.525Z",
      "updated_at": "2022-08-28T15:22:27.525Z",
      "energy_kj": 27.59,
      "protein_g": 0.14,
      "fat_g": 0.68,
      "saturated_fatty_acids_g": 0.05,
      "sugar_g": 0.04,
      "sodium_mg": 0.02,
      "fruit_factor": 0.0,
      "carbohydrate_g": 0.13,
      "fibre_g": 0.04,
      "name": "Pinienkerne in g",
      "measuring_unit": 3,
      "ingredient": 129,
      "quantity": 1.0,
      "rank": 1,
      "weight_g": 1.0
    }
  },
  {
    "model": "food.portion",
    "pk": 159,
    "fields": {
      "created_at": "2022-08-28T15:26:25.025Z",
      "updated_at": "2022-08-28T15:26:25.025Z",
      "energy_kj": 8.12,
      "protein_g": 0.02,
      "fat_g": 0.19,
      "saturated_fatty_acids_g": 0.1,
      "sugar_g": 0.03,
      "sodium_mg": 0.31,
      "fruit_factor": 0.0,
      "carbohydrate_g": 0.05,
      "fibre_g": 0.0,
      "name": "Saure Sahne in g",
      "measuring_unit": 3,
      "ingredient": 130,
      "quantity": 1.0,
      "rank": 1,
      "weight_g": 1.0
    }
  },
  {
    "model": "food.portion",
    "pk": 160,
    "fields": {
      "created_at": "2022-08-28T16:55:34.277Z",
      "updated_at": "2022-08-28T16:55:34.277Z",
      "energy_kj": 22.51,
      "protein_g": 0.07,
      "fat_g": 0.31,
      "saturated_fatty_acids_g": 0.19,
      "sugar_g": 0.55,
      "sodium_mg": 1.4,
      "fruit_factor": 0.0,
      "carbohydrate_g": 0.57,
      "fibre_g": 0.02,
      "name": "Milka Alpenmilch in g",
      "measuring_unit": 3,
      "ingredient": 131,
      "quantity": 1.0,
      "rank": 1,
      "weight_g": 1.0
    }
  },
  {
    "model": "food.recipe",
    "pk": 1,
    "fields": {
      "created_at": "2022-08-27T17:09:41.821Z",
      "updated_at": "2022-08-28T15:08:58.020Z",
      "energy_kj": 2977.0,
      "protein_g": 16.0,
      "fat_g": 21.0,
      "saturated_fatty_acids_g": 8.0,
      "sugar_g": 8.0,
      "sodium_mg": 48.0,
      "fruit_factor": 0.0,
      "carbohydrate_g": 89.0,
      "fibre_g": 21.0,
      "name": "Nudeln mit Käse und Tomaten",
      "description": "",
      "nutri_class": 1.0,
      "nutri_points": -1.0,
      "weight_g": 380.0,
      "tags": []
    }
  },
  {
    "model": "food.recipe",
    "pk": 2,
    "fields": {
      "created_at": "2022-08-27T17:11:35.084Z",
      "updated_at": "2022-08-28T13:33:22.808Z",
      "energy_kj": 2832.0,
      "protein_g": 38.0,
      "fat_g": 4.0,
      "saturated_fatty_acids_g": 1.0,
      "sugar_g": 35.0,
      "sodium_mg": 88.0,
      "fruit_factor": 0.0,
      "carbohydrate_g": 125.0,
      "fibre_g": 7.0,
      "name": "Reis mit Süß Saurer Soße",
      "description": "",
      "nutri_class": 2.0,
      "nutri_points": 1.0,
      "weight_g": 465.0,
      "tags": []
    }
  },
  {
    "model": "food.recipe",
    "pk": 3,
    "fields": {
      "created_at": "2022-08-27T17:14:04.221Z",
      "updated_at": "2022-08-28T14:31:59.206Z",
      "energy_kj": 2480.0,
      "protein_g": 54.0,
      "fat_g": 5.0,
      "saturated_fatty_acids_g": 1.0,
      "sugar_g": 14.0,
      "sodium_mg": 231.0,
      "fruit_factor": 0.0,
      "carbohydrate_g": 119.0,
      "fibre_g": 15.0,
      "name": "Chilli sin Carne",
      "description": "",
      "nutri_class": 1.0,
      "nutri_points": -2.0,
      "weight_g": 548.0,
      "tags": []
    }
  },
  {
    "model": "food.recipe",
    "pk": 4,
    "fields": {
      "created_at": "2022-08-27T17:18:21.446Z",
      "updated_at": "2022-08-28T14:10:29.185Z",
      "energy_kj": 2033.0,
      "protein_g": 26.0,
      "fat_g": 25.0,
      "saturated_fatty_acids_g": 11.0,
      "sugar_g": 2.0,
      "sodium_mg": 798.0,
      "fruit_factor": 0.0,
      "carbohydrate_g": 44.0,
      "fibre_g": 2.0,
      "name": "Einfache Käsespätzle",
      "description": "",
      "nutri_class": 3.0,
      "nutri_points": 6.0,
      "weight_g": 250.0,
      "tags": []
    }
  },
  {
    "model": "food.recipe",
    "pk": 6,
    "fields": {
      "created_at": "2022-08-28T14:48:51.020Z",
      "updated_at": "2022-08-28T14:50:15.005Z",
      "energy_kj": 2706.0,
      "protein_g": 19.0,
      "fat_g": 15.0,
      "saturated_fatty_acids_g": 7.0,
      "sugar_g": 8.0,
      "sodium_mg": 13565.0,
      "fruit_factor": 0.0,
      "carbohydrate_g": 104.0,
      "fibre_g": 6.0,
      "name": "Zucchini-Zitronen-Nudeln",
      "description": "",
      "nutri_class": 2.0,
      "nutri_points": 0.0,
      "weight_g": 347.0,
      "tags": []
    }
  },
  {
    "model": "food.recipe",
    "pk": 7,
    "fields": {
      "created_at": "2022-08-28T15:16:45.575Z",
      "updated_at": "2022-08-28T15:16:57.482Z",
      "energy_kj": 2904.0,
      "protein_g": 26.0,
      "fat_g": 12.0,
      "saturated_fatty_acids_g": 5.0,
      "sugar_g": 6.0,
      "sodium_mg": 359.0,
      "fruit_factor": 0.0,
      "carbohydrate_g": 125.0,
      "fibre_g": 7.0,
      "name": "Bandnudeln mit Gorgonzolasauce",
      "description": "",
      "nutri_class": 1.0,
      "nutri_points": -1.0,
      "weight_g": 305.0,
      "tags": []
    }
  },
  {
    "model": "food.recipe",
    "pk": 8,
    "fields": {
      "created_at": "2022-08-28T15:31:03.669Z",
      "updated_at": "2022-08-28T15:33:13.990Z",
      "energy_kj": 2433.0,
      "protein_g": 19.0,
      "fat_g": 14.0,
      "saturated_fatty_acids_g": 4.0,
      "sugar_g": 5.0,
      "sodium_mg": 3897.0,
      "fruit_factor": 0.0,
      "carbohydrate_g": 99.0,
      "fibre_g": 4.0,
      "name": "Spaghetti al pesto",
      "description": "",
      "nutri_class": 1.0,
      "nutri_points": -1.0,
      "weight_g": 214.0,
      "tags": []
    }
  },
  {
    "model": "food.recipe",
    "pk": 9,
    "fields": {
      "created_at": "2022-08-28T16:56:00.459Z",
      "updated_at": "2022-08-28T16:59:02.161Z",
      "energy_kj": 3376.0,
      "protein_g": 10.0,
      "fat_g": 46.0,
      "saturated_fatty_acids_g": 28.0,
      "sugar_g": 82.0,
      "sodium_mg": 210.0,
      "fruit_factor": 0.0,
      "carbohydrate_g": 86.0,
      "fibre_g": 3.0,
      "name": "Schokoladen Mahlzeit",
      "description": "",
      "nutri_class": 5.0,
      "nutri_points": 25.0,
      "weight_g": 150.0,
      "tags": []
    }
  },
  {
    "model": "food.recipe",
    "pk": 10,
    "fields": {
      "created_at": "2022-08-28T16:58:53.493Z",
      "updated_at": "2022-08-28T16:59:12.599Z",
      "energy_kj": 1572.0,
      "protein_g": 1.0,
      "fat_g": 1.0,
      "saturated_fatty_acids_g": 0.1,
      "sugar_g": 80.0,
      "sodium_mg": 6.0,
      "fruit_factor": 0.0,
      "carbohydrate_g": 94.0,
      "fibre_g": 12.0,
      "name": "Apfel Mahlzeit",
      "description": "",
      "nutri_class": 2.0,
      "nutri_points": 0.1,
      "weight_g": 600.0,
      "tags": []
    }
  },
  {
    "model": "food.recipeitem",
    "pk": 1,
    "fields": {
      "created_at": "2022-08-27T17:09:41.825Z",
      "updated_at": "2022-08-28T15:08:58.039Z",
      "energy_kj": 1796.25,
      "protein_g": 7.5,
      "fat_g": 1.25,
      "saturated_fatty_acids_g": 0.0,
      "sugar_g": 1.25,
      "sodium_mg": 1.25,
      "fruit_factor": 0.0,
      "carbohydrate_g": 75.0,
      "fibre_g": 16.25,
      "recipe": 1,
      "portion": 12,
      "quantity": 125.0,
      "weight_g": 125.0,
      "weight_recipe_factor": 0.329,
      "nutri_points": -2.0,
      "nutri_class": 1.0
    }
  },
  {
    "model": "food.recipeitem",
    "pk": 2,
    "fields": {
      "created_at": "2022-08-27T17:09:41.826Z",
      "updated_at": "2022-08-28T15:08:58.040Z",
      "energy_kj": 120.0,
      "protein_g": 1.5,
      "fat_g": 0.0,
      "saturated_fatty_acids_g": 0.0,
      "sugar_g": 4.5,
      "sodium_mg": 7.5,
      "fruit_factor": 0.0,
      "carbohydrate_g": 6.0,
      "fibre_g": 1.5,
      "recipe": 1,
      "portion": 1,
      "quantity": 150.0,
      "weight_g": 150.0,
      "weight_recipe_factor": 0.395,
      "nutri_points": -0.8,
      "nutri_class": 1.0
    }
  },
  {
    "model": "food.recipeitem",
    "pk": 3,
    "fields": {
      "created_at": "2022-08-27T17:09:41.827Z",
      "updated_at": "2022-08-28T15:08:58.042Z",
      "energy_kj": 285.4,
      "protein_g": 0.0,
      "fat_g": 7.6,
      "saturated_fatty_acids_g": 1.1,
      "sugar_g": 0.0,
      "sodium_mg": 0.2,
      "fruit_factor": 0.0,
      "carbohydrate_g": 0.0,
      "fibre_g": 0.0,
      "recipe": 1,
      "portion": 4,
      "quantity": 10.0,
      "weight_g": 8.0,
      "weight_recipe_factor": 0.021,
      "nutri_points": 0.2,
      "nutri_class": 3.0
    }
  },
  {
    "model": "food.recipeitem",
    "pk": 4,
    "fields": {
      "created_at": "2022-08-27T17:09:41.827Z",
      "updated_at": "2022-08-28T15:08:58.043Z",
      "energy_kj": 68.0,
      "protein_g": 0.44,
      "fat_g": 0.04,
      "saturated_fatty_acids_g": 0.0,
      "sugar_g": 1.68,
      "sodium_mg": 0.0,
      "fruit_factor": 0.0,
      "carbohydrate_g": 3.6,
      "fibre_g": 0.68,
      "recipe": 1,
      "portion": 6,
      "quantity": 1.0,
      "weight_g": 40.0,
      "weight_recipe_factor": 0.105,
      "nutri_points": -0.1,
      "nutri_class": 1.0
    }
  },
  {
    "model": "food.recipeitem",
    "pk": 5,
    "fields": {
      "created_at": "2022-08-27T17:09:41.828Z",
      "updated_at": "2022-08-28T15:08:58.045Z",
      "energy_kj": 320.0,
      "protein_g": 0.2,
      "fat_g": 5.8,
      "saturated_fatty_acids_g": 3.4,
      "sugar_g": 0.2,
      "sodium_mg": 0.8,
      "fruit_factor": 0.0,
      "carbohydrate_g": 0.8,
      "fibre_g": 0.0,
      "recipe": 1,
      "portion": 7,
      "quantity": 20.0,
      "weight_g": 20.0,
      "weight_recipe_factor": 0.053,
      "nutri_points": 1.1,
      "nutri_class": 5.0
    }
  },
  {
    "model": "food.recipeitem",
    "pk": 6,
    "fields": {
      "created_at": "2022-08-27T17:09:41.829Z",
      "updated_at": "2022-08-28T15:08:58.046Z",
      "energy_kj": 10.56,
      "protein_g": 0.38,
      "fat_g": 0.08,
      "saturated_fatty_acids_g": 0.0,
      "sugar_g": 0.04,
      "sodium_mg": 0.0,
      "fruit_factor": 0.0,
      "carbohydrate_g": 0.36,
      "fibre_g": 0.2,
      "recipe": 1,
      "portion": 9,
      "quantity": 2.0,
      "weight_g": 12.0,
      "weight_recipe_factor": 0.032,
      "nutri_points": -0.1,
      "nutri_class": 1.0
    }
  },
  {
    "model": "food.recipeitem",
    "pk": 7,
    "fields": {
      "created_at": "2022-08-27T17:11:35.088Z",
      "updated_at": "2022-08-28T13:33:22.823Z",
      "energy_kj": 1517.0,
      "protein_g": 7.0,
      "fat_g": 1.0,
      "saturated_fatty_acids_g": 0.0,
      "sugar_g": 0.0,
      "sodium_mg": 7.0,
      "fruit_factor": 0.0,
      "carbohydrate_g": 82.0,
      "fibre_g": 3.0,
      "recipe": 2,
      "portion": 109,
      "quantity": 100.0,
      "weight_g": 100.0,
      "weight_recipe_factor": 0.215,
      "nutri_points": 0.4,
      "nutri_class": 2.0
    }
  },
  {
    "model": "food.recipeitem",
    "pk": 8,
    "fields": {
      "created_at": "2022-08-27T17:11:35.089Z",
      "updated_at": "2022-08-28T13:33:22.824Z",
      "energy_kj": 246.0,
      "protein_g": 1.0,
      "fat_g": 0.0,
      "saturated_fatty_acids_g": 0.0,
      "sugar_g": 14.0,
      "sodium_mg": 1.0,
      "fruit_factor": 0.0,
      "carbohydrate_g": 16.0,
      "fibre_g": 1.0,
      "recipe": 2,
      "portion": 128,
      "quantity": 100.0,
      "weight_g": 100.0,
      "weight_recipe_factor": 0.215,
      "nutri_points": 0.4,
      "nutri_class": 2.0
    }
  },
  {
    "model": "food.recipeitem",
    "pk": 9,
    "fields": {
      "created_at": "2022-08-27T17:11:35.090Z",
      "updated_at": "2022-08-28T13:33:22.826Z",
      "energy_kj": 177.0,
      "protein_g": 0.31,
      "fat_g": 0.11,
      "saturated_fatty_acids_g": 0.01,
      "sugar_g": 8.79,
      "sodium_mg": 3.6,
      "fruit_factor": 0.0,
      "carbohydrate_g": 11.06,
      "fibre_g": 0.72,
      "recipe": 2,
      "portion": 138,
      "quantity": 0.25,
      "weight_g": 60.0,
      "weight_recipe_factor": 0.129,
      "nutri_points": 0.3,
      "nutri_class": 2.0
    }
  },
  {
    "model": "food.recipeitem",
    "pk": 10,
    "fields": {
      "created_at": "2022-08-27T17:11:35.091Z",
      "updated_at": "2022-08-28T13:33:22.827Z",
      "energy_kj": 0.0,
      "protein_g": 0.0,
      "fat_g": 0.0,
      "saturated_fatty_acids_g": 0.0,
      "sugar_g": 0.0,
      "sodium_mg": 0.0,
      "fruit_factor": 0.0,
      "carbohydrate_g": 0.0,
      "fibre_g": 0.0,
      "recipe": 2,
      "portion": 132,
      "quantity": 2.0,
      "weight_g": 30.0,
      "weight_recipe_factor": 0.065,
      "nutri_points": 0.0,
      "nutri_class": 2.0
    }
  },
  {
    "model": "food.recipeitem",
    "pk": 11,
    "fields": {
      "created_at": "2022-08-27T17:11:35.092Z",
      "updated_at": "2022-08-28T13:33:22.829Z",
      "energy_kj": 151.2,
      "protein_g": 1.95,
      "fat_g": 0.21,
      "saturated_fatty_acids_g": 0.03,
      "sugar_g": 5.49,
      "sodium_mg": 26.55,
      "fruit_factor": 0.0,
      "carbohydrate_g": 8.52,
      "fibre_g": 1.83,
      "recipe": 2,
      "portion": 134,
      "quantity": 3.0,
      "weight_g": 45.0,
      "weight_recipe_factor": 0.097,
      "nutri_points": -0.3,
      "nutri_class": 1.0
    }
  },
  {
    "model": "food.recipeitem",
    "pk": 12,
    "fields": {
      "created_at": "2022-08-27T17:11:35.092Z",
      "updated_at": "2022-08-28T13:33:22.831Z",
      "energy_kj": 162.45,
      "protein_g": 0.21,
      "fat_g": 0.0,
      "saturated_fatty_acids_g": 0.0,
      "sugar_g": 6.72,
      "sodium_mg": 10.35,
      "fruit_factor": 0.0,
      "carbohydrate_g": 7.65,
      "fibre_g": 0.0,
      "recipe": 2,
      "portion": 136,
      "quantity": 3.0,
      "weight_g": 45.0,
      "weight_recipe_factor": 0.097,
      "nutri_points": 0.4,
      "nutri_class": 3.0
    }
  },
  {
    "model": "food.recipeitem",
    "pk": 14,
    "fields": {
      "created_at": "2022-08-27T17:14:04.225Z",
      "updated_at": "2022-08-28T14:31:59.222Z",
      "energy_kj": 0.0,
      "protein_g": 26.0,
      "fat_g": 1.0,
      "saturated_fatty_acids_g": 0.0,
      "sugar_g": 0.0,
      "sodium_mg": 0.0,
      "fruit_factor": 0.0,
      "carbohydrate_g": 0.0,
      "fibre_g": 4.0,
      "recipe": 3,
      "portion": 74,
      "quantity": 100.0,
      "weight_g": 100.0,
      "weight_recipe_factor": 0.182,
      "nutri_points": -1.6,
      "nutri_class": 1.0
    }
  },
  {
    "model": "food.recipeitem",
    "pk": 16,
    "fields": {
      "created_at": "2022-08-27T17:14:04.227Z",
      "updated_at": "2022-08-28T14:31:59.223Z",
      "energy_kj": 748.0,
      "protein_g": 4.5,
      "fat_g": 2.5,
      "saturated_fatty_acids_g": 0.5,
      "sugar_g": 0.0,
      "sodium_mg": 17.5,
      "fruit_factor": 0.0,
      "carbohydrate_g": 37.0,
      "fibre_g": 0.0,
      "recipe": 3,
      "portion": 148,
      "quantity": 50.0,
      "weight_g": 50.0,
      "weight_recipe_factor": 0.091,
      "nutri_points": -0.1,
      "nutri_class": 1.0
    }
  },
  {
    "model": "food.recipeitem",
    "pk": 18,
    "fields": {
      "created_at": "2022-08-27T17:14:04.228Z",
      "updated_at": "2022-08-28T14:31:59.224Z",
      "energy_kj": 50.4,
      "protein_g": 0.6,
      "fat_g": 0.0,
      "saturated_fatty_acids_g": 0.0,
      "sugar_g": 1.8,
      "sodium_mg": 8.85,
      "fruit_factor": 0.0,
      "carbohydrate_g": 2.85,
      "fibre_g": 0.6,
      "recipe": 3,
      "portion": 133,
      "quantity": 15.0,
      "weight_g": 15.0,
      "weight_recipe_factor": 0.027,
      "nutri_points": -0.1,
      "nutri_class": 1.0
    }
  },
  {
    "model": "food.recipeitem",
    "pk": 19,
    "fields": {
      "created_at": "2022-08-27T17:14:04.229Z",
      "updated_at": "2022-08-28T14:31:59.225Z",
      "energy_kj": 47.6,
      "protein_g": 0.31,
      "fat_g": 0.03,
      "saturated_fatty_acids_g": 0.0,
      "sugar_g": 1.18,
      "sodium_mg": 0.0,
      "fruit_factor": 0.0,
      "carbohydrate_g": 2.52,
      "fibre_g": 0.48,
      "recipe": 3,
      "portion": 6,
      "quantity": 0.7,
      "weight_g": 28.0,
      "weight_recipe_factor": 0.051,
      "nutri_points": -0.1,
      "nutri_class": 1.0
    }
  },
  {
    "model": "food.recipeitem",
    "pk": 20,
    "fields": {
      "created_at": "2022-08-27T17:15:00.942Z",
      "updated_at": "2022-08-28T15:08:58.048Z",
      "energy_kj": 322.2,
      "protein_g": 5.4,
      "fat_g": 6.2,
      "saturated_fatty_acids_g": 3.6,
      "sugar_g": 0.0,
      "sodium_mg": 37.0,
      "fruit_factor": 0.0,
      "carbohydrate_g": 0.2,
      "fibre_g": 0.0,
      "recipe": 1,
      "portion": 142,
      "quantity": 20.0,
      "weight_g": 20.0,
      "weight_recipe_factor": 0.053,
      "nutri_points": 0.6,
      "nutri_class": 4.0
    }
  },
  {
    "model": "food.recipeitem",
    "pk": 21,
    "fields": {
      "created_at": "2022-08-27T17:18:21.449Z",
      "updated_at": "2022-08-28T14:10:29.201Z",
      "energy_kj": 805.5,
      "protein_g": 13.5,
      "fat_g": 15.5,
      "saturated_fatty_acids_g": 9.0,
      "sugar_g": 0.0,
      "sodium_mg": 92.5,
      "fruit_factor": 0.0,
      "carbohydrate_g": 0.5,
      "fibre_g": 0.0,
      "recipe": 4,
      "portion": 142,
      "quantity": 50.0,
      "weight_g": 50.0,
      "weight_recipe_factor": 0.2,
      "nutri_points": 2.2,
      "nutri_class": 4.0
    }
  },
  {
    "model": "food.recipeitem",
    "pk": 23,
    "fields": {
      "created_at": "2022-08-27T17:18:21.450Z",
      "updated_at": "2022-08-28T14:10:29.202Z",
      "energy_kj": 886.25,
      "protein_g": 8.75,
      "fat_g": 6.25,
      "saturated_fatty_acids_g": 1.25,
      "sugar_g": 0.0,
      "sodium_mg": 408.75,
      "fruit_factor": 0.0,
      "carbohydrate_g": 32.5,
      "fibre_g": 1.25,
      "recipe": 4,
      "portion": 140,
      "quantity": 125.0,
      "weight_g": 125.0,
      "weight_recipe_factor": 0.5,
      "nutri_points": 2.5,
      "nutri_class": 3.0
    }
  },
  {
    "model": "food.recipeitem",
    "pk": 25,
    "fields": {
      "created_at": "2022-08-27T17:18:21.452Z",
      "updated_at": "2022-08-28T14:10:29.203Z",
      "energy_kj": 102.0,
      "protein_g": 0.66,
      "fat_g": 0.06,
      "saturated_fatty_acids_g": 0.0,
      "sugar_g": 2.52,
      "sodium_mg": 0.0,
      "fruit_factor": 0.0,
      "carbohydrate_g": 5.4,
      "fibre_g": 1.02,
      "recipe": 4,
      "portion": 6,
      "quantity": 1.5,
      "weight_g": 60.0,
      "weight_recipe_factor": 0.24,
      "nutri_points": -0.2,
      "nutri_class": 1.0
    }
  },
  {
    "model": "food.recipeitem",
    "pk": 26,
    "fields": {
      "created_at": "2022-08-27T23:25:07.832Z",
      "updated_at": "2022-08-28T13:33:22.832Z",
      "energy_kj": 578.85,
      "protein_g": 27.2,
      "fat_g": 2.55,
      "saturated_fatty_acids_g": 0.85,
      "sugar_g": 0.0,
      "sodium_mg": 39.95,
      "fruit_factor": 0.0,
      "carbohydrate_g": 0.0,
      "fibre_g": 0.0,
      "recipe": 2,
      "portion": 29,
      "quantity": 85.0,
      "weight_g": 85.0,
      "weight_recipe_factor": 0.183,
      "nutri_points": -0.4,
      "nutri_class": 1.0
    }
  },
  {
    "model": "food.recipeitem",
    "pk": 30,
    "fields": {
      "created_at": "2022-08-28T13:44:29.345Z",
      "updated_at": "2022-08-28T14:31:59.226Z",
      "energy_kj": 402.3,
      "protein_g": 15.3,
      "fat_g": 0.3,
      "saturated_fatty_acids_g": 0.0,
      "sugar_g": 4.8,
      "sodium_mg": 6.0,
      "fruit_factor": 0.0,
      "carbohydrate_g": 10.2,
      "fibre_g": 5.1,
      "recipe": 3,
      "portion": 139,
      "quantity": 30.0,
      "weight_g": 30.0,
      "weight_recipe_factor": 0.055,
      "nutri_points": -0.2,
      "nutri_class": 1.0
    }
  },
  {
    "model": "food.recipeitem",
    "pk": 31,
    "fields": {
      "created_at": "2022-08-28T13:44:29.346Z",
      "updated_at": "2022-08-28T14:31:59.227Z",
      "energy_kj": 104.0,
      "protein_g": 1.3,
      "fat_g": 0.0,
      "saturated_fatty_acids_g": 0.0,
      "sugar_g": 3.9,
      "sodium_mg": 6.5,
      "fruit_factor": 0.0,
      "carbohydrate_g": 5.2,
      "fibre_g": 1.3,
      "recipe": 3,
      "portion": 1,
      "quantity": 130.0,
      "weight_g": 130.0,
      "weight_recipe_factor": 0.237,
      "nutri_points": -0.5,
      "nutri_class": 1.0
    }
  },
  {
    "model": "food.recipeitem",
    "pk": 32,
    "fields": {
      "created_at": "2022-08-28T13:44:29.347Z",
      "updated_at": "2022-08-28T14:31:59.228Z",
      "energy_kj": 45.0,
      "protein_g": 0.5,
      "fat_g": 0.0,
      "saturated_fatty_acids_g": 0.0,
      "sugar_g": 0.0,
      "sodium_mg": 0.0,
      "fruit_factor": 0.0,
      "carbohydrate_g": 2.5,
      "fibre_g": 0.5,
      "recipe": 3,
      "portion": 55,
      "quantity": 50.0,
      "weight_g": 50.0,
      "weight_recipe_factor": 0.091,
      "nutri_points": -0.1,
      "nutri_class": 1.0
    }
  },
  {
    "model": "food.recipeitem",
    "pk": 33,
    "fields": {
      "created_at": "2022-08-28T13:44:29.347Z",
      "updated_at": "2022-08-28T14:31:59.229Z",
      "energy_kj": 111.9,
      "protein_g": 0.47,
      "fat_g": 0.13,
      "saturated_fatty_acids_g": 0.0,
      "sugar_g": 0.0,
      "sodium_mg": 0.0,
      "fruit_factor": 0.0,
      "carbohydrate_g": 6.06,
      "fibre_g": 0.33,
      "recipe": 3,
      "portion": 130,
      "quantity": 0.5,
      "weight_g": 7.5,
      "weight_recipe_factor": 0.014,
      "nutri_points": 0.0,
      "nutri_class": 1.0
    }
  },
  {
    "model": "food.recipeitem",
    "pk": 34,
    "fields": {
      "created_at": "2022-08-28T13:44:29.348Z",
      "updated_at": "2022-08-28T14:31:59.230Z",
      "energy_kj": 33.6,
      "protein_g": 0.4,
      "fat_g": 0.0,
      "saturated_fatty_acids_g": 0.0,
      "sugar_g": 1.2,
      "sodium_mg": 5.9,
      "fruit_factor": 0.0,
      "carbohydrate_g": 1.9,
      "fibre_g": 0.4,
      "recipe": 3,
      "portion": 133,
      "quantity": 10.0,
      "weight_g": 10.0,
      "weight_recipe_factor": 0.018,
      "nutri_points": -0.1,
      "nutri_class": 1.0
    }
  },
  {
    "model": "food.recipeitem",
    "pk": 35,
    "fields": {
      "created_at": "2022-08-28T14:29:23.807Z",
      "updated_at": "2022-08-28T14:31:59.230Z",
      "energy_kj": 11.86,
      "protein_g": 0.12,
      "fat_g": 0.0,
      "saturated_fatty_acids_g": 0.0,
      "sugar_g": 0.17,
      "sodium_mg": 0.0,
      "fruit_factor": 0.0,
      "carbohydrate_g": 0.57,
      "fibre_g": 0.04,
      "recipe": 3,
      "portion": 11,
      "quantity": 0.5,
      "weight_g": 2.0,
      "weight_recipe_factor": 0.004,
      "nutri_points": 0.0,
      "nutri_class": 2.0
    }
  },
  {
    "model": "food.recipeitem",
    "pk": 36,
    "fields": {
      "created_at": "2022-08-28T14:29:23.807Z",
      "updated_at": "2022-08-28T14:31:59.232Z",
      "energy_kj": 15.0,
      "protein_g": 0.0,
      "fat_g": 0.0,
      "saturated_fatty_acids_g": 0.0,
      "sugar_g": 0.6,
      "sodium_mg": 181.8,
      "fruit_factor": 0.0,
      "carbohydrate_g": 0.6,
      "fibre_g": 0.0,
      "recipe": 3,
      "portion": 144,
      "quantity": 60.0,
      "weight_g": 60.0,
      "weight_recipe_factor": 0.109,
      "nutri_points": 0.3,
      "nutri_class": 3.0
    }
  },
  {
    "model": "food.recipeitem",
    "pk": 37,
    "fields": {
      "created_at": "2022-08-28T14:29:23.808Z",
      "updated_at": "2022-08-28T14:31:59.233Z",
      "energy_kj": 0.0,
      "protein_g": 0.0,
      "fat_g": 0.0,
      "saturated_fatty_acids_g": 0.35,
      "sugar_g": 0.0,
      "sodium_mg": 0.0,
      "fruit_factor": 0.0,
      "carbohydrate_g": 0.0,
      "fibre_g": 0.0,
      "recipe": 3,
      "portion": 28,
      "quantity": 5.0,
      "weight_g": 5.0,
      "weight_recipe_factor": 0.009,
      "nutri_points": 0.1,
      "nutri_class": 3.0
    }
  },
  {
    "model": "food.recipeitem",
    "pk": 38,
    "fields": {
      "created_at": "2022-08-28T14:29:23.808Z",
      "updated_at": "2022-08-28T14:31:59.234Z",
      "energy_kj": 910.2,
      "protein_g": 4.2,
      "fat_g": 0.6,
      "saturated_fatty_acids_g": 0.0,
      "sugar_g": 0.0,
      "sodium_mg": 4.2,
      "fruit_factor": 0.0,
      "carbohydrate_g": 49.2,
      "fibre_g": 1.8,
      "recipe": 3,
      "portion": 109,
      "quantity": 60.0,
      "weight_g": 60.0,
      "weight_recipe_factor": 0.109,
      "nutri_points": 0.2,
      "nutri_class": 2.0
    }
  },
  {
    "model": "food.recipeitem",
    "pk": 39,
    "fields": {
      "created_at": "2022-08-28T14:48:51.025Z",
      "updated_at": "2022-08-28T14:50:15.020Z",
      "energy_kj": 1901.25,
      "protein_g": 16.25,
      "fat_g": 2.5,
      "saturated_fatty_acids_g": 0.0,
      "sugar_g": 3.75,
      "sodium_mg": 7.5,
      "fruit_factor": 0.0,
      "carbohydrate_g": 93.75,
      "fibre_g": 3.75,
      "recipe": 6,
      "portion": 110,
      "quantity": 125.0,
      "weight_g": 125.0,
      "weight_recipe_factor": 0.36,
      "nutri_points": -1.4,
      "nutri_class": 1.0
    }
  },
  {
    "model": "food.recipeitem",
    "pk": 40,
    "fields": {
      "created_at": "2022-08-28T14:48:51.026Z",
      "updated_at": "2022-08-28T14:50:15.022Z",
      "energy_kj": 0.0,
      "protein_g": 0.0,
      "fat_g": 0.0,
      "saturated_fatty_acids_g": 0.0,
      "sugar_g": 0.0,
      "sodium_mg": 11610.0,
      "fruit_factor": 0.0,
      "carbohydrate_g": 0.0,
      "fibre_g": 0.0,
      "recipe": 6,
      "portion": 125,
      "quantity": 1.0,
      "weight_g": 30.0,
      "weight_recipe_factor": 0.086,
      "nutri_points": 0.0,
      "nutri_class": 2.0
    }
  },
  {
    "model": "food.recipeitem",
    "pk": 41,
    "fields": {
      "created_at": "2022-08-28T14:48:51.027Z",
      "updated_at": "2022-08-28T14:50:15.023Z",
      "energy_kj": 13.5,
      "protein_g": 0.05,
      "fat_g": 0.04,
      "saturated_fatty_acids_g": 0.01,
      "sugar_g": 0.38,
      "sodium_mg": 0.15,
      "fruit_factor": 0.0,
      "carbohydrate_g": 1.03,
      "fibre_g": 0.04,
      "recipe": 6,
      "portion": 118,
      "quantity": 1.0,
      "weight_g": 15.0,
      "weight_recipe_factor": 0.043,
      "nutri_points": 0.0,
      "nutri_class": 2.0
    }
  },
  {
    "model": "food.recipeitem",
    "pk": 42,
    "fields": {
      "created_at": "2022-08-28T14:48:51.028Z",
      "updated_at": "2022-08-28T14:50:15.024Z",
      "energy_kj": 640.0,
      "protein_g": 0.4,
      "fat_g": 11.6,
      "saturated_fatty_acids_g": 6.8,
      "sugar_g": 0.4,
      "sodium_mg": 1.6,
      "fruit_factor": 0.0,
      "carbohydrate_g": 1.6,
      "fibre_g": 0.0,
      "recipe": 6,
      "portion": 7,
      "quantity": 40.0,
      "weight_g": 40.0,
      "weight_recipe_factor": 0.115,
      "nutri_points": 2.3,
      "nutri_class": 5.0
    }
  },
  {
    "model": "food.recipeitem",
    "pk": 43,
    "fields": {
      "created_at": "2022-08-28T14:49:52.426Z",
      "updated_at": "2022-08-28T14:50:15.026Z",
      "energy_kj": 87.5,
      "protein_g": 1.51,
      "fat_g": 0.4,
      "saturated_fatty_acids_g": 0.1,
      "sugar_g": 3.12,
      "sodium_mg": 10.0,
      "fruit_factor": 0.0,
      "carbohydrate_g": 3.89,
      "fibre_g": 1.25,
      "recipe": 6,
      "portion": 154,
      "quantity": 1.0,
      "weight_g": 125.0,
      "weight_recipe_factor": 0.36,
      "nutri_points": -0.4,
      "nutri_class": 1.0
    }
  },
  {
    "model": "food.recipeitem",
    "pk": 44,
    "fields": {
      "created_at": "2022-08-28T14:49:52.427Z",
      "updated_at": "2022-08-28T14:50:15.027Z",
      "energy_kj": 11.86,
      "protein_g": 0.12,
      "fat_g": 0.0,
      "saturated_fatty_acids_g": 0.0,
      "sugar_g": 0.17,
      "sodium_mg": 0.0,
      "fruit_factor": 0.0,
      "carbohydrate_g": 0.57,
      "fibre_g": 0.04,
      "recipe": 6,
      "portion": 11,
      "quantity": 0.5,
      "weight_g": 2.0,
      "weight_recipe_factor": 0.006,
      "nutri_points": 0.0,
      "nutri_class": 2.0
    }
  },
  {
    "model": "food.recipeitem",
    "pk": 45,
    "fields": {
      "created_at": "2022-08-28T14:49:52.428Z",
      "updated_at": "2022-08-28T14:50:15.029Z",
      "energy_kj": 0.0,
      "protein_g": 0.0,
      "fat_g": 0.0,
      "saturated_fatty_acids_g": 0.0,
      "sugar_g": 0.0,
      "sodium_mg": 1935.0,
      "fruit_factor": 0.0,
      "carbohydrate_g": 0.0,
      "fibre_g": 0.0,
      "recipe": 6,
      "portion": 124,
      "quantity": 5.0,
      "weight_g": 5.0,
      "weight_recipe_factor": 0.014,
      "nutri_points": 0.0,
      "nutri_class": 2.0
    }
  },
  {
    "model": "food.recipeitem",
    "pk": 46,
    "fields": {
      "created_at": "2022-08-28T14:49:52.428Z",
      "updated_at": "2022-08-28T14:50:15.030Z",
      "energy_kj": 51.45,
      "protein_g": 0.5,
      "fat_g": 0.15,
      "saturated_fatty_acids_g": 0.05,
      "sugar_g": 0.05,
      "sodium_mg": 1.0,
      "fruit_factor": 0.0,
      "carbohydrate_g": 3.2,
      "fibre_g": 1.25,
      "recipe": 6,
      "portion": 122,
      "quantity": 5.0,
      "weight_g": 5.0,
      "weight_recipe_factor": 0.014,
      "nutri_points": -0.1,
      "nutri_class": 1.0
    }
  },
  {
    "model": "food.recipeitem",
    "pk": 47,
    "fields": {
      "created_at": "2022-08-28T15:08:41.383Z",
      "updated_at": "2022-08-28T15:08:58.050Z",
      "energy_kj": 54.3,
      "protein_g": 0.45,
      "fat_g": 0.2,
      "saturated_fatty_acids_g": 0.1,
      "sugar_g": 0.2,
      "sodium_mg": 1.25,
      "fruit_factor": 0.0,
      "carbohydrate_g": 3.45,
      "fibre_g": 2.1,
      "recipe": 1,
      "portion": 157,
      "quantity": 5.0,
      "weight_g": 5.0,
      "weight_recipe_factor": 0.013,
      "nutri_points": -0.1,
      "nutri_class": 1.0
    }
  },
  {
    "model": "food.recipeitem",
    "pk": 48,
    "fields": {
      "created_at": "2022-08-28T15:16:45.579Z",
      "updated_at": "2022-08-28T15:16:57.498Z",
      "energy_kj": 1901.25,
      "protein_g": 16.25,
      "fat_g": 2.5,
      "saturated_fatty_acids_g": 0.0,
      "sugar_g": 3.75,
      "sodium_mg": 7.5,
      "fruit_factor": 0.0,
      "carbohydrate_g": 93.75,
      "fibre_g": 3.75,
      "recipe": 7,
      "portion": 110,
      "quantity": 125.0,
      "weight_g": 125.0,
      "weight_recipe_factor": 0.41,
      "nutri_points": -1.6,
      "nutri_class": 1.0
    }
  },
  {
    "model": "food.recipeitem",
    "pk": 49,
    "fields": {
      "created_at": "2022-08-28T15:16:45.579Z",
      "updated_at": "2022-08-28T15:16:57.500Z",
      "energy_kj": 447.6,
      "protein_g": 1.86,
      "fat_g": 0.52,
      "saturated_fatty_acids_g": 0.0,
      "sugar_g": 0.0,
      "sodium_mg": 0.0,
      "fruit_factor": 0.0,
      "carbohydrate_g": 24.24,
      "fibre_g": 1.3,
      "recipe": 7,
      "portion": 130,
      "quantity": 2.0,
      "weight_g": 30.0,
      "weight_recipe_factor": 0.098,
      "nutri_points": -0.3,
      "nutri_class": 1.0
    }
  },
  {
    "model": "food.recipeitem",
    "pk": 50,
    "fields": {
      "created_at": "2022-08-28T15:16:45.580Z",
      "updated_at": "2022-08-28T15:16:57.501Z",
      "energy_kj": 73.8,
      "protein_g": 0.9,
      "fat_g": 0.9,
      "saturated_fatty_acids_g": 0.6,
      "sugar_g": 0.0,
      "sodium_mg": 11.4,
      "fruit_factor": 0.0,
      "carbohydrate_g": 1.5,
      "fibre_g": 0.0,
      "recipe": 7,
      "portion": 24,
      "quantity": 30.0,
      "weight_g": 30.0,
      "weight_recipe_factor": 0.098,
      "nutri_points": -0.1,
      "nutri_class": 1.0
    }
  },
  {
    "model": "food.recipeitem",
    "pk": 51,
    "fields": {
      "created_at": "2022-08-28T15:16:45.580Z",
      "updated_at": "2022-08-28T15:16:57.503Z",
      "energy_kj": 13.5,
      "protein_g": 0.05,
      "fat_g": 0.04,
      "saturated_fatty_acids_g": 0.01,
      "sugar_g": 0.38,
      "sodium_mg": 0.15,
      "fruit_factor": 0.0,
      "carbohydrate_g": 1.03,
      "fibre_g": 0.04,
      "recipe": 7,
      "portion": 118,
      "quantity": 1.0,
      "weight_g": 15.0,
      "weight_recipe_factor": 0.049,
      "nutri_points": 0.0,
      "nutri_class": 2.0
    }
  },
  {
    "model": "food.recipeitem",
    "pk": 52,
    "fields": {
      "created_at": "2022-08-28T15:16:45.580Z",
      "updated_at": "2022-08-28T15:16:57.504Z",
      "energy_kj": 361.75,
      "protein_g": 5.25,
      "fat_g": 7.25,
      "saturated_fatty_acids_g": 4.75,
      "sugar_g": 0.25,
      "sodium_mg": 286.5,
      "fruit_factor": 0.0,
      "carbohydrate_g": 0.5,
      "fibre_g": 0.0,
      "recipe": 7,
      "portion": 146,
      "quantity": 25.0,
      "weight_g": 25.0,
      "weight_recipe_factor": 0.082,
      "nutri_points": 1.6,
      "nutri_class": 5.0
    }
  },
  {
    "model": "food.recipeitem",
    "pk": 53,
    "fields": {
      "created_at": "2022-08-28T15:16:45.581Z",
      "updated_at": "2022-08-28T15:16:57.506Z",
      "energy_kj": 51.0,
      "protein_g": 0.3,
      "fat_g": 0.0,
      "saturated_fatty_acids_g": 0.0,
      "sugar_g": 1.2,
      "sodium_mg": 0.0,
      "fruit_factor": 0.0,
      "carbohydrate_g": 2.7,
      "fibre_g": 0.6,
      "recipe": 7,
      "portion": 5,
      "quantity": 30.0,
      "weight_g": 30.0,
      "weight_recipe_factor": 0.098,
      "nutri_points": -0.1,
      "nutri_class": 1.0
    }
  },
  {
    "model": "food.recipeitem",
    "pk": 54,
    "fields": {
      "created_at": "2022-08-28T15:16:45.581Z",
      "updated_at": "2022-08-28T15:16:57.508Z",
      "energy_kj": 55.5,
      "protein_g": 1.5,
      "fat_g": 0.5,
      "saturated_fatty_acids_g": 0.0,
      "sugar_g": 0.0,
      "sodium_mg": 53.5,
      "fruit_factor": 0.0,
      "carbohydrate_g": 1.5,
      "fibre_g": 1.0,
      "recipe": 7,
      "portion": 56,
      "quantity": 50.0,
      "weight_g": 50.0,
      "weight_recipe_factor": 0.164,
      "nutri_points": -0.2,
      "nutri_class": 1.0
    }
  },
  {
    "model": "food.recipeitem",
    "pk": 55,
    "fields": {
      "created_at": "2022-08-28T15:31:03.673Z",
      "updated_at": "2022-08-28T15:33:14.004Z",
      "energy_kj": 1901.25,
      "protein_g": 16.25,
      "fat_g": 2.5,
      "saturated_fatty_acids_g": 0.0,
      "sugar_g": 3.75,
      "sodium_mg": 7.5,
      "fruit_factor": 0.0,
      "carbohydrate_g": 93.75,
      "fibre_g": 3.75,
      "recipe": 8,
      "portion": 110,
      "quantity": 125.0,
      "weight_g": 125.0,
      "weight_recipe_factor": 0.584,
      "nutri_points": -2.3,
      "nutri_class": 1.0
    }
  },
  {
    "model": "food.recipeitem",
    "pk": 56,
    "fields": {
      "created_at": "2022-08-28T15:31:03.675Z",
      "updated_at": "2022-08-28T15:33:14.005Z",
      "energy_kj": 0.0,
      "protein_g": 0.0,
      "fat_g": 0.0,
      "saturated_fatty_acids_g": 0.0,
      "sugar_g": 0.0,
      "sodium_mg": 3870.0,
      "fruit_factor": 0.0,
      "carbohydrate_g": 0.0,
      "fibre_g": 0.0,
      "recipe": 8,
      "portion": 126,
      "quantity": 1.0,
      "weight_g": 10.0,
      "weight_recipe_factor": 0.047,
      "nutri_points": 0.0,
      "nutri_class": 2.0
    }
  },
  {
    "model": "food.recipeitem",
    "pk": 57,
    "fields": {
      "created_at": "2022-08-28T15:31:03.675Z",
      "updated_at": "2022-08-28T15:33:14.006Z",
      "energy_kj": 220.72,
      "protein_g": 1.12,
      "fat_g": 5.44,
      "saturated_fatty_acids_g": 0.4,
      "sugar_g": 0.32,
      "sodium_mg": 0.16,
      "fruit_factor": 0.0,
      "carbohydrate_g": 1.04,
      "fibre_g": 0.32,
      "recipe": 8,
      "portion": 158,
      "quantity": 8.0,
      "weight_g": 8.0,
      "weight_recipe_factor": 0.037,
      "nutri_points": 0.1,
      "nutri_class": 3.0
    }
  },
  {
    "model": "food.recipeitem",
    "pk": 58,
    "fields": {
      "created_at": "2022-08-28T15:31:03.676Z",
      "updated_at": "2022-08-28T15:33:14.008Z",
      "energy_kj": 10.56,
      "protein_g": 0.38,
      "fat_g": 0.08,
      "saturated_fatty_acids_g": 0.0,
      "sugar_g": 0.04,
      "sodium_mg": 0.0,
      "fruit_factor": 0.0,
      "carbohydrate_g": 0.36,
      "fibre_g": 0.2,
      "recipe": 8,
      "portion": 9,
      "quantity": 2.0,
      "weight_g": 12.0,
      "weight_recipe_factor": 0.056,
      "nutri_points": -0.1,
      "nutri_class": 1.0
    }
  },
  {
    "model": "food.recipeitem",
    "pk": 59,
    "fields": {
      "created_at": "2022-08-28T15:33:03.263Z",
      "updated_at": "2022-08-28T15:33:14.009Z",
      "energy_kj": 203.0,
      "protein_g": 0.5,
      "fat_g": 4.75,
      "saturated_fatty_acids_g": 2.5,
      "sugar_g": 0.75,
      "sodium_mg": 7.75,
      "fruit_factor": 0.0,
      "carbohydrate_g": 1.25,
      "fibre_g": 0.0,
      "recipe": 8,
      "portion": 159,
      "quantity": 25.0,
      "weight_g": 25.0,
      "weight_recipe_factor": 0.117,
      "nutri_points": 1.3,
      "nutri_class": 4.0
    }
  },
  {
    "model": "food.recipeitem",
    "pk": 60,
    "fields": {
      "created_at": "2022-08-28T15:33:03.264Z",
      "updated_at": "2022-08-28T15:33:14.010Z",
      "energy_kj": 73.8,
      "protein_g": 0.9,
      "fat_g": 0.9,
      "saturated_fatty_acids_g": 0.6,
      "sugar_g": 0.0,
      "sodium_mg": 11.4,
      "fruit_factor": 0.0,
      "carbohydrate_g": 1.5,
      "fibre_g": 0.0,
      "recipe": 8,
      "portion": 24,
      "quantity": 30.0,
      "weight_g": 30.0,
      "weight_recipe_factor": 0.14,
      "nutri_points": -0.1,
      "nutri_class": 1.0
    }
  },
  {
    "model": "food.recipeitem",
    "pk": 61,
    "fields": {
      "created_at": "2022-08-28T15:33:03.264Z",
      "updated_at": "2022-08-28T15:33:14.011Z",
      "energy_kj": 23.72,
      "protein_g": 0.24,
      "fat_g": 0.0,
      "saturated_fatty_acids_g": 0.0,
      "sugar_g": 0.34,
      "sodium_mg": 0.0,
      "fruit_factor": 0.0,
      "carbohydrate_g": 1.14,
      "fibre_g": 0.07,
      "recipe": 8,
      "portion": 11,
      "quantity": 1.0,
      "weight_g": 4.0,
      "weight_recipe_factor": 0.019,
      "nutri_points": 0.0,
      "nutri_class": 2.0
    }
  },
  {
    "model": "food.recipeitem",
    "pk": 62,
    "fields": {
      "created_at": "2022-08-28T16:56:00.464Z",
      "updated_at": "2022-08-28T16:59:02.168Z",
      "energy_kj": 3376.5,
      "protein_g": 10.5,
      "fat_g": 46.5,
      "saturated_fatty_acids_g": 28.5,
      "sugar_g": 82.5,
      "sodium_mg": 210.0,
      "fruit_factor": 0.0,
      "carbohydrate_g": 85.5,
      "fibre_g": 3.0,
      "recipe": 9,
      "portion": 160,
      "quantity": 150.0,
      "weight_g": 150.0,
      "weight_recipe_factor": 1.0,
      "nutri_points": 25.0,
      "nutri_class": 5.0
    }
  },
  {
    "model": "food.recipeitem",
    "pk": 63,
    "fields": {
      "created_at": "2022-08-28T16:58:53.498Z",
      "updated_at": "2022-08-28T16:59:12.606Z",
      "energy_kj": 1572.0,
      "protein_g": 0.9,
      "fat_g": 0.99,
      "saturated_fatty_acids_g": 0.0,
      "sugar_g": 79.98,
      "sodium_mg": 6.09,
      "fruit_factor": 0.0,
      "carbohydrate_g": 93.9,
      "fibre_g": 12.45,
      "recipe": 10,
      "portion": 46,
      "quantity": 3.0,
      "weight_g": 600.0,
      "weight_recipe_factor": 1.0,
      "nutri_points": 0.0,
      "nutri_class": 2.0
    }
  },
  {
    "model": "food.retailer",
    "pk": 1,
    "fields": {
      "created_at": null,
      "updated_at": null,
      "name": "Rewe",
      "description": ""
    }
  },
  {
    "model": "food.retailer",
    "pk": 2,
    "fields": {
      "created_at": null,
      "updated_at": null,
      "name": "Penny",
      "description": ""
    }
  },
  {
    "model": "food.retailer",
    "pk": 3,
    "fields": {
      "created_at": null,
      "updated_at": null,
      "name": "Lidl",
      "description": ""
    }
  },
  {
    "model": "food.package",
    "pk": 1,
    "fields": {
      "created_at": null,
      "updated_at": null,
      "name": "4er Tomatenpaket",
      "portion": 3,
      "quality": "brand",
      "weight_package_g": 0.0
    }
  },
  {
    "model": "food.price",
    "pk": 1,
    "fields": {
      "created_at": null,
      "updated_at": null,
      "price_eur": 1.49,
      "retailer": 1,
      "package": 1,
      "price_per_kg": 1.0
    }
  }
]
